CustomerID,Age,Gender,AnnualIncome,SpendingScore,MembershipStatus,ProductCategory,PurchaseFrequency,AvgTransactionValue,ChurnRisk,PurchaseNextMonth,ExpectedSpend
1,56,Female,43615,1.0011518407812479,Gold,Health & Beauty,1,28.254950768333302,1.0,0,0.0
2,69,Male,55253,42.24001701974692,Bronze,Electronics,4,1000.0,0.5740141971401166,0,0.0
3,46,Male,78196,52.72850792747325,Gold,Home & Living,6,1000.0,0.7609020209697123,0,0.0
4,32,Male,62125,6.408807580096257,Bronze,Electronics,1,257.63482003625023,0.9184445273322401,0,0.0
5,60,Male,94789,97.33473813426095,Silver,Electronics,13,1000.0,0.335050423971838,1,885.4210997298786
6,25,Male,65899,23.38640779371752,Bronze,Sports,1,997.2477313155259,0.7492416427193443,0,0.0
7,38,Male,62880,31.115673243991807,Silver,Fashion,1,1000.0,0.8434981056696301,0,0.0
8,56,Male,55363,31.090308713247705,Bronze,Health & Beauty,1,1000.0,0.6808406440705763,0,0.0
9,36,Male,62003,23.81124954961764,Bronze,Fashion,1,955.3254356939055,0.6883368028198864,0,0.0
10,40,Female,57712,1.1459083865448303,Bronze,Grocery,1,42.793602268910355,1.0,0,0.0
11,28,Female,70621,73.20513461471164,Bronze,Sports,1,1000.0,0.3632786224459918,0,0.0
12,28,Female,74350,96.71770448012926,Platinum,Sports,16,1000.0,0.6563905483387058,0,0.0
13,41,Female,48210,23.20505484521946,Platinum,Fashion,4,723.8970562733681,0.9222712797108847,0,0.0
14,53,Female,40031,66.64167198853882,Bronze,Sports,4,1000.0,0.3713820973673063,0,0.0
15,57,Male,32456,74.4477363689128,Silver,Fashion,6,1000.0,0.4791529177578324,1,792.4418045895158
16,41,Female,67619,84.99411252996195,Bronze,Sports,3,1000.0,0.2751920290260835,0,0.0
17,20,Female,43449,42.8402905043473,Silver,Electronics,4,1000.0,0.7324069211147505,0,0.0
18,39,Female,27706,30.990159658402494,Gold,Fashion,4,555.6014219811987,0.8577356527334132,0,0.0
19,19,Male,65828,33.20421826828008,Gold,Fashion,3,1000.0,0.834241564324075,0,0.0
20,41,Male,97394,71.54951197675277,Bronze,Home & Living,2,1000.0,0.4099879300856256,1,1059.82478888279
21,61,Male,59908,81.86116718405796,Silver,Sports,2,1000.0,0.3306989187947496,1,508.3656599841442
22,47,Male,72577,18.979782807903664,Bronze,Sports,1,891.3495928366838,0.7917353200658451,0,0.0
23,55,Female,61227,37.72315980761876,Platinum,Fashion,5,1000.0,0.8378973789143354,0,0.0
24,19,Female,58516,90.29207947816586,Bronze,Electronics,9,1000.0,0.2376841733466518,1,685.4118178271742
25,38,Male,73786,80.86265844977919,Silver,Electronics,10,1000.0,0.39700676006762214,1,1012.018126675469
26,50,Other,55645,98.5009818734851,Silver,Health & Beauty,7,1000.0,0.24619535727108183,1,1492.2419148611218
27,29,Female,64010,75.670577708526,Silver,Electronics,8,1000.0,0.49777233334616466,1,1152.6134017473535
28,39,Male,64825,39.9263249017643,Bronze,Sports,4,1000.0,0.5952256968386349,0,0.0
29,61,Male,49978,59.47314556546914,Gold,Home & Living,3,1000.0,0.6850979480472364,0,0.0
30,42,Male,74880,66.44041117048471,Bronze,Fashion,3,1000.0,0.5210934945097225,0,0.0
31,66,Male,57375,8.767125815395271,Silver,Grocery,1,325.4918828728804,0.9779870469924067,0,0.0
32,44,Male,48663,54.90519895128264,Bronze,Home & Living,2,1000.0,0.49530117906772253,0,0.0
33,59,Male,68047,71.22276201878834,Bronze,Grocery,7,1000.0,0.3529387355336957,0,0.0
34,45,Male,46522,17.564809096104977,Silver,Home & Living,2,528.7697691500604,0.9224207156383387,0,0.0
35,33,Male,60422,78.28254002513016,Bronze,Electronics,6,1000.0,0.32860066127906,1,920.0722952521643
36,32,Female,59863,58.79350527089705,Bronze,Sports,5,1000.0,0.47463842703447334,0,0.0
37,64,Male,76288,95.26995678406188,Bronze,Grocery,8,1000.0,0.14774838605541432,0,0.0
38,68,Female,67120,5.199807522482278,Bronze,Home & Living,1,225.83847639012242,0.8792093082757608,0,0.0
39,61,Male,59624,27.26728761799123,Silver,Sports,1,1000.0,0.7246284591706146,0,0.0
40,69,Other,72266,60.55383405068258,Gold,Grocery,1,1000.0,0.6883897159579118,0,0.0
41,20,Male,80853,30.35943130838714,Bronze,Fashion,1,1000.0,0.6951008589572085,0,0.0
42,54,Male,68367,71.72799224305298,Bronze,Home & Living,5,1000.0,0.38375202152954124,0,0.0
43,68,Other,60155,76.14152296967117,Bronze,Fashion,1,1000.0,0.3245852804632407,1,1223.6094377579514
44,24,Female,40322,11.14908044258097,Bronze,Electronics,1,290.8986373727371,0.8610195563420523,0,0.0
45,38,Female,44023,51.871591956470006,Silver,Fashion,1,1000.0,0.6450587792795278,0,0.0
46,26,Male,55421,51.380165003514534,Silver,Fashion,5,1000.0,0.6194272056976521,1,952.0437765798017
47,56,Male,50857,37.55879625133856,Bronze,Health & Beauty,4,1000.0,0.7653009026386545,0,0.0
48,35,Female,57195,93.35956139439755,Bronze,Home & Living,11,1000.0,0.17907606239856985,1,1137.3924979351348
49,21,Female,60849,82.9231256674489,Bronze,Electronics,5,1000.0,0.17566151964131338,0,0.0
50,42,Female,67945,70.02372880905403,Gold,Fashion,11,1000.0,0.7409071109657089,0,0.0
51,31,Female,58942,71.71833693776476,Platinum,Sports,13,1000.0,0.7531875389888433,0,0.0
52,67,Male,67297,46.70989823749879,Bronze,Grocery,3,1000.0,0.5308740663235024,0,0.0
53,26,Female,60967,92.17845758856102,Bronze,Fashion,6,1000.0,0.2775782143301269,0,0.0
54,43,Male,30368,69.76494729807526,Gold,Electronics,2,1000.0,0.6684670963994019,0,0.0
55,19,Male,45909,73.16912510392582,Gold,Fashion,12,1000.0,0.669192674840645,0,0.0
56,37,Male,57838,86.30739947494718,Bronze,Grocery,4,1000.0,0.2598864105190829,1,1414.9299366292826
57,45,Female,41854,28.13308734487691,Bronze,Electronics,1,761.9316719439901,0.7365027280842176,0,0.0
58,64,Male,68998,80.9000194828036,Bronze,Home & Living,6,1000.0,0.24327956114545157,1,1317.4124552691105
59,24,Male,82961,20.32881969269271,Silver,Electronics,1,1000.0,0.8372353894042641,0,0.0
60,61,Female,78281,35.1888532722439,Bronze,Home & Living,1,1000.0,0.7637436345120067,0,0.0
61,25,Male,56798,34.225434972714424,Bronze,Electronics,2,1000.0,0.7021604629059106,0,0.0
62,64,Female,82360,97.87402137052491,Silver,Grocery,1,1000.0,0.38052760239213246,1,1046.4210123601028
63,52,Male,62230,85.79718515104476,Bronze,Grocery,7,1000.0,0.2240030772791723,1,856.2113172538692
64,31,Female,54943,70.41581629743571,Silver,Electronics,5,1000.0,0.4693201070507629,1,507.27280769400926
65,34,Female,50798,72.97861939992362,Bronze,Fashion,5,1000.0,0.2710816017072847,1,560.9122268715271
66,53,Male,55462,56.645206645854536,Bronze,Grocery,4,1000.0,0.5225932994450111,1,928.8390152973907
67,67,Male,54177,94.76197604374339,Silver,Home & Living,7,1000.0,0.421371071614395,1,899.3261463915103
68,57,Male,62556,50.12961653535379,Bronze,Home & Living,3,1000.0,0.5045348007694908,0,0.0
69,21,Male,62408,38.67125327711956,Platinum,Sports,6,1000.0,0.9096548686005423,0,0.0
70,19,Other,60045,17.14049835622751,Silver,Health & Beauty,1,665.9796248726186,0.8112357257223699,0,0.0
71,23,Male,66554,78.83435957384474,Bronze,Health & Beauty,7,1000.0,0.26270592998230285,1,1348.7912527758406
72,59,Female,77859,73.70994927548355,Silver,Health & Beauty,9,1000.0,0.49742719434034255,1,798.1948778755989
73,21,Male,74243,39.051148813889355,Bronze,Home & Living,1,1000.0,0.5621249563914756,0,0.0
74,46,Female,37726,3.4941479819637067,Gold,Sports,1,85.29897584933418,0.9816280974537124,0,0.0
75,35,Female,21691,84.06073544408306,Bronze,Health & Beauty,9,1000.0,0.20161835733239514,0,0.0
76,43,Female,74014,2.1303803619532897,Silver,Health & Beauty,1,102.03081787063039,1.0,0,0.0
77,61,Male,39496,70.66627818327605,Bronze,Electronics,1,1000.0,0.355733464242839,0,0.0
78,51,Male,56628,97.05545386287965,Bronze,Electronics,6,1000.0,0.1734728662074623,1,825.0576433918153
79,27,Male,42448,44.32847148667214,Gold,Electronics,1,1000.0,0.7643777282293985,0,0.0
80,53,Female,32970,24.262367094599323,Gold,Fashion,1,517.620702125533,0.810569188535528,0,0.0
81,31,Female,68121,70.7822299942948,Bronze,Health & Beauty,8,1000.0,0.28861192599953345,0,0.0
82,48,Other,71387,81.89568605954292,Bronze,Fashion,5,1000.0,0.16748835028621517,1,863.5581553482978
83,65,Male,51352,55.09660129170688,Gold,Sports,3,1000.0,0.756164885171965,0,0.0
84,32,Female,21134,96.73649225035847,Gold,Home & Living,17,1000.0,0.6442040847116575,0,0.0
85,25,Female,51806,6.1152034441381495,Bronze,Health & Beauty,1,204.99790406993347,0.9667250758620133,0,0.0
86,31,Male,65877,50.97476423214829,Bronze,Home & Living,2,1000.0,0.6248294660108825,1,611.5823131332414
87,40,Male,37816,72.12694078493246,Bronze,Electronics,2,1000.0,0.40753619747505887,0,0.0
88,57,Female,62750,86.40140664376872,Gold,Health & Beauty,13,1000.0,0.5420761662874521,1,928.1233678183747
89,38,Female,59770,18.746305578871215,Bronze,Grocery,1,725.0319802797695,0.8945490488396903,0,0.0
90,33,Female,68689,80.20034469460445,Bronze,Fashion,6,1000.0,0.2542681631729342,0,0.0
91,62,Male,61793,55.71800049613598,Silver,Fashion,7,1000.0,0.5870386030501302,0,0.0
92,35,Female,45403,40.25881451700636,Bronze,Health & Beauty,3,1000.0,0.6272410530501272,0,0.0
93,64,Male,77948,14.039787829330262,Bronze,Electronics,1,708.1485444274052,0.8655820084196713,0,0.0
94,41,Male,57622,86.66428013198232,Bronze,Fashion,7,1000.0,0.25308995197146655,0,0.0
95,43,Male,59590,16.57004760979182,Bronze,Electronics,1,638.9339205789412,0.8173252347173333,0,0.0
96,42,Female,46000,31.668998061700826,Bronze,Sports,2,942.6643192251603,0.7594341563738415,0,0.0
97,62,Female,53350,29.71450766428125,Silver,Home & Living,2,1000.0,0.8357356505016048,0,0.0
98,58,Female,46727,87.26998938489457,Bronze,Grocery,1,1000.0,0.2317182721581731,1,610.4836279680649
99,46,Male,57405,67.59759642668091,Silver,Home & Living,5,1000.0,0.6237974204436059,0,0.0
100,32,Female,85675,79.87145832194587,Gold,Home & Living,5,1000.0,0.665012340823186,1,1339.1923428715384
101,62,Male,39421,25.7963219804574,Silver,Sports,1,658.0310717288141,0.8729122106468215,0,0.0
102,18,Female,35796,62.862535861092894,Bronze,Fashion,4,1000.0,0.43754484597732657,0,0.0
103,42,Male,82067,57.60285233123112,Bronze,Grocery,2,1000.0,0.4991626359096361,0,0.0
104,24,Male,56860,83.45020730203883,Bronze,Fashion,7,1000.0,0.2751385024360381,0,0.0
105,26,Male,49963,90.7026189876448,Bronze,Health & Beauty,1,1000.0,0.18433849778757702,1,1092.4407553984595
106,41,Male,75598,2.203520376261294,Bronze,Home & Living,1,107.79194513309416,0.9613898435982248,0,0.0
107,18,Female,50915,67.72797198682048,Silver,Health & Beauty,8,1000.0,0.4056185589484411,0,0.0
108,61,Female,87390,6.131744112853173,Bronze,Electronics,1,346.73856056219677,0.9807025734405627,0,0.0
109,25,Male,70168,55.33700784265824,Bronze,Home & Living,3,1000.0,0.5540392902602436,0,0.0
110,41,Female,52681,29.47564017532414,Bronze,Fashion,3,1000.0,0.6766632956142409,0,0.0
111,28,Male,92359,31.37088335269198,Silver,Home & Living,1,1000.0,0.8106622490171808,1,607.3012103706725
112,68,Female,50914,35.9428918417833,Bronze,Electronics,1,1000.0,0.646937639508074,0,0.0
113,34,Female,71131,62.5079524559114,Silver,Sports,4,1000.0,0.5441178736882666,0,0.0
114,25,Female,64489,34.07094660120815,Bronze,Health & Beauty,1,1000.0,0.7588995069572944,0,0.0
115,52,Male,79526,73.53720600843776,Gold,Health & Beauty,12,1000.0,0.5827822504471105,0,0.0
116,52,Female,83422,41.0482111718131,Gold,Fashion,2,1000.0,0.7451515547062735,1,1186.5865021144327
117,50,Female,60480,7.766966830685903,Bronze,Home & Living,1,303.96202952960806,1.0,0,0.0
118,22,Male,48698,78.59222440592661,Bronze,Fashion,7,1000.0,0.2853921454198413,1,1255.7912428853024
119,59,Male,66899,29.290074134677894,Bronze,Sports,1,1000.0,0.7987166124494524,0,0.0
120,56,Female,49834,43.843921080327,Bronze,Home & Living,3,1000.0,0.5254695671856102,0,0.0
121,58,Female,90200,68.85894443896825,Silver,Home & Living,1,1000.0,0.4420572254476796,0,0.0
122,45,Female,62048,33.91315955772249,Gold,Fashion,3,1000.0,0.7847869764324664,0,0.0
123,24,Female,54520,6.601979958524847,Silver,Fashion,1,232.90945132340312,0.9297131014636916,0,0.0
124,26,Female,62770,38.01818365426855,Gold,Electronics,6,1000.0,0.7397447518960016,1,715.1205970460409
125,25,Male,39793,94.50040968673603,Bronze,Sports,11,1000.0,0.16796113664087567,0,0.0
126,29,Male,45425,64.53170533255727,Bronze,Electronics,2,1000.0,0.4409443604398237,1,1487.0823640059702
127,51,Male,78006,67.47643571805348,Silver,Health & Beauty,2,1000.0,0.4827578060816988,1,1056.8805901479657
128,50,Female,50146,63.59593321012635,Bronze,Home & Living,5,1000.0,0.3867066661393228,0,0.0
129,65,Male,44296,20.70022175698424,Silver,Fashion,1,593.3329284204983,0.8207593760085322,0,0.0
130,40,Female,68049,42.415052546125736,Bronze,Home & Living,4,1000.0,0.5600202371402163,0,0.0
131,41,Female,77785,75.3430400379685,Bronze,Home & Living,5,1000.0,0.17713475465938755,0,0.0
132,54,Female,70784,11.035916857762755,Platinum,Grocery,1,505.47655291745224,0.9626402341194684,0,0.0
133,52,Male,74940,28.507424832881515,Bronze,Health & Beauty,2,1000.0,0.7219112918690174,0,0.0
134,61,Female,48648,28.355591738119507,Platinum,Grocery,3,892.6064455918755,0.8985259325443128,0,0.0
135,57,Male,38672,43.769873831856096,Platinum,Home & Living,9,1000.0,0.8181002024539932,0,0.0
136,39,Female,82520,98.05650535327632,Silver,Fashion,13,1000.0,0.3541293374845791,0,0.0
137,44,Male,55159,7.682752121698372,Silver,Home & Living,1,274.2175073786682,1.0,0,0.0
138,52,Male,56237,52.35139844367891,Silver,Health & Beauty,1,1000.0,0.5918359680931898,0,0.0
139,18,Female,79922,18.757103519208833,Gold,Grocery,3,970.0468969412412,0.9761992893525733,0,0.0
140,52,Male,68343,97.09697799556467,Bronze,Fashion,10,1000.0,0.1444596886472826,1,1138.3417505810899
141,54,Male,66838,12.217046968018956,Bronze,Home & Living,1,528.3812552426236,0.8918175718769511,0,0.0
142,64,Female,92475,40.95649923379753,Silver,Sports,4,1000.0,0.6960983685352757,1,1454.0939149023006
143,31,Female,50347,74.050613498626,Bronze,Health & Beauty,4,1000.0,0.3293836350006663,0,0.0
144,20,Female,73917,70.75088837471708,Bronze,Health & Beauty,2,1000.0,0.4207215391124776,0,0.0
145,18,Female,60855,42.85013505249929,Bronze,Sports,4,1000.0,0.5574447364796808,0,0.0
146,22,Female,64028,35.3058926273191,Silver,Home & Living,1,1000.0,0.7391084150511938,0,0.0
147,43,Male,82927,40.363625476734185,Gold,Health & Beauty,6,1000.0,0.8606318830074543,0,0.0
148,31,Male,67617,27.16335005270529,Bronze,Fashion,1,1000.0,0.8047155842020522,0,0.0
149,56,Male,68074,21.32796093197318,Gold,Home & Living,2,939.4833272974148,0.837230898392622,0,0.0
150,44,Female,76087,48.820930058330106,Silver,Home & Living,2,1000.0,0.6491238957026371,0,0.0
151,26,Female,54525,27.584841850693124,Gold,Grocery,2,973.2568655849561,0.8984761831382357,0,0.0
152,32,Male,47411,29.458704824827763,Silver,Health & Beauty,3,903.7665264805379,0.8269604721922605,0,0.0
153,32,Male,44327,66.01885028398115,Silver,Health & Beauty,2,1000.0,0.5866247740742964,1,668.2308432036831
154,43,Female,30504,96.88519583828933,Bronze,Sports,6,1000.0,0.14724753186376086,1,1193.8453862722663
155,59,Male,90843,60.76008285537814,Gold,Grocery,5,1000.0,0.7237972431228986,0,0.0
156,30,Female,43451,8.620967239431662,Bronze,Grocery,1,242.39305207637707,0.939551115941473,0,0.0
157,68,Female,56681,8.48277777155263,Gold,Health & Beauty,1,311.1234515676644,1.0,0,0.0
158,49,Female,55847,95.19089886371103,Platinum,Home & Living,8,1000.0,0.6933367444373061,1,762.407822570745
159,56,Male,64611,30.43178824042603,Bronze,Grocery,2,1000.0,0.7285234639834266,0,0.0
160,66,Female,72236,10.114631622165067,Bronze,Sports,1,472.7807281046238,0.8582198737846289,0,0.0
161,69,Female,72907,60.30541412788777,Silver,Grocery,4,1000.0,0.517261012764565,0,0.0
162,49,Female,51253,62.741229050736344,Bronze,Sports,1,1000.0,0.4515767735962919,0,0.0
163,21,Female,57493,65.20197719175013,Gold,Grocery,5,1000.0,0.6377808007441568,0,0.0
164,47,Female,64238,27.47280075789659,Bronze,Sports,1,1000.0,0.7498605130340629,0,0.0
165,54,Female,56269,2.495957737233028,Bronze,Grocery,1,90.87971712278109,1.0,0,0.0
166,40,Male,84110,96.53652157599271,Platinum,Grocery,19,1000.0,0.7883873203906628,0,0.0
167,56,Female,67364,25.838411523419147,Silver,Fashion,2,1000.0,0.9303333582704809,0,0.0
168,62,Female,71023,67.9266025172022,Gold,Sports,1,1000.0,0.7422496128339451,0,0.0
169,32,Male,69943,70.95635711799224,Bronze,Sports,2,1000.0,0.4815436955273443,1,1142.3196509757443
170,60,Female,77602,61.390734290869084,Silver,Sports,2,1000.0,0.5920913433545445,1,1179.8108916013302
171,46,Female,62715,31.977832027151173,Silver,Electronics,1,1000.0,0.7310041466777126,0,0.0
172,53,Female,40547,27.838529122642512,Silver,Grocery,1,730.409218717933,0.7551106676672285,0,0.0
173,30,Male,65995,60.16915998756761,Silver,Sports,2,1000.0,0.6486324104591027,1,596.5886824945322
174,49,Male,50229,86.74346772755746,Silver,Health & Beauty,3,1000.0,0.3953770510476189,0,0.0
175,24,Other,52070,94.72663916341617,Bronze,Electronics,1,1000.0,0.15376682332155525,1,1290.773063732034
176,68,Female,68795,11.484674635972006,Bronze,Fashion,1,511.25095518916226,0.8691843738785613,0,0.0
177,39,Male,78574,16.328032647174265,Silver,Sports,1,830.1751673616357,0.864245074487316,0,0.0
178,45,Female,60319,94.52888961952489,Bronze,Sports,2,1000.0,0.16842795791312223,1,547.3245301364213
179,19,Female,64632,73.91698760514447,Silver,Electronics,5,1000.0,0.4298199122577869,0,0.0
180,59,Female,85533,88.41638865814754,Bronze,Grocery,5,1000.0,0.2171094253670769,1,750.7983351119627
181,62,Female,63611,21.060630779398974,Silver,Health & Beauty,1,866.8845954245287,0.9281295943009638,1,1031.3340269171538
182,23,Male,99025,59.17100123983079,Silver,Fashion,4,1000.0,0.4791211992382435,0,0.0
183,45,Male,68482,70.41281984732989,Bronze,Sports,3,1000.0,0.28921902747017525,1,1059.1858799798483
184,45,Male,33588,68.33107665925029,Bronze,Grocery,2,1000.0,0.41880080814190035,0,0.0
185,61,Female,71300,41.407017395803116,Bronze,Health & Beauty,1,1000.0,0.6955352371208151,0,0.0
186,61,Male,65717,2.524094277439539,Silver,Health & Beauty,1,107.33501981182981,0.9578367035509391,0,0.0
187,37,Male,79346,58.70967962362205,Gold,Fashion,7,1000.0,0.6065395711296628,0,0.0
188,47,Male,70097,26.05705237878127,Bronze,Home & Living,1,1000.0,0.8370827372880062,0,0.0
189,28,Female,57923,45.575170368146146,Silver,Health & Beauty,1,1000.0,0.6404205498272507,0,0.0
190,45,Female,41635,95.80052049329791,Bronze,Home & Living,10,1000.0,0.11973299841393814,1,958.2832163862731
191,42,Male,56864,40.50449644660104,Bronze,Health & Beauty,1,1000.0,0.6514117755965795,0,0.0
192,56,Male,47242,84.14035905977825,Gold,Fashion,4,1000.0,0.545976536105571,0,0.0
193,50,Female,51292,19.66551996917586,Bronze,Electronics,2,652.6975439997132,0.7792038339195575,0,0.0
194,18,Male,68828,67.57358930447785,Bronze,Fashion,6,1000.0,0.3489476866314949,0,0.0
195,44,Male,85048,97.7236884894554,Bronze,Fashion,5,1000.0,0.21338323164128553,0,0.0
196,69,Male,65920,11.087416986420742,Bronze,Electronics,1,472.9374617762481,0.9581939265434773,0,0.0
197,30,Male,42061,1.8236742804920092,Bronze,Electronics,1,49.635260867942726,1.0,0,0.0
198,58,Male,66669,43.92469647062882,Bronze,Grocery,1,1000.0,0.49535607047761226,0,0.0
199,20,Female,77949,10.169922822085352,Silver,Health & Beauty,1,512.9635335543579,0.9577201349981819,0,0.0
200,56,Male,50853,75.0900506179469,Bronze,Grocery,1,1000.0,0.35039955485895136,0,0.0
201,23,Female,57989,91.54031772100734,Silver,Electronics,6,1000.0,0.2953111189436904,1,1033.5214309809837
202,25,Male,60220,43.96807629816713,Bronze,Home & Living,4,1000.0,0.6172228199901875,0,0.0
203,44,Female,48226,26.612452573388655,Bronze,Home & Living,3,830.4749335565486,0.8130625516524365,0,0.0
204,26,Female,69724,44.005928581654366,Silver,Fashion,1,1000.0,0.7204267958581081,0,0.0
205,54,Male,58185,72.6213339671501,Platinum,Sports,11,1000.0,0.7481275280135384,0,0.0
206,50,Female,66292,1.8963619964567269,Bronze,Fashion,1,81.3475513182698,0.983595974186088,0,0.0
207,68,Male,46687,59.35594495898502,Gold,Fashion,9,1000.0,0.7397381217651349,0,0.0
208,59,Other,53438,61.71587680385053,Silver,Sports,2,1000.0,0.5709614640839288,0,0.0
209,61,Male,70835,64.13113644269761,Silver,Health & Beauty,1,1000.0,0.6137962893564615,0,0.0
210,41,Male,54407,24.960185918106845,Silver,Electronics,1,878.7437801567746,0.8450627764152575,0,0.0
211,32,Male,85904,71.69121961443454,Bronze,Home & Living,3,1000.0,0.3924251567344806,1,1060.3519740199617
212,49,Other,54005,10.047757146845864,Bronze,Fashion,1,351.12555009701885,0.9506402180279752,0,0.0
213,49,Female,63370,20.72776331021328,Silver,Sports,2,849.9505516876462,0.8015715216632139,0,0.0
214,41,Female,73988,87.86953461879371,Bronze,Grocery,7,1000.0,0.2116734901986905,0,0.0
215,58,Male,38724,74.13359192193008,Gold,Fashion,4,1000.0,0.6127143167144014,0,0.0
216,69,Female,33587,2.3608098471231798,Bronze,Home & Living,1,51.30965554279246,1.0,0,0.0
217,66,Male,37115,25.58924977661022,Bronze,Electronics,1,614.5602847852167,0.7928584043457092,0,0.0
218,66,Female,78938,22.22624181632329,Silver,Fashion,2,1000.0,0.8350056841804574,0,0.0
219,69,Male,51722,27.809826475660284,Bronze,Fashion,3,930.7441556788347,0.6856189915469244,0,0.0
220,29,Male,98372,25.508417257708754,Silver,Health & Beauty,3,1000.0,0.7415956625900116,1,929.7370089297785
221,56,Male,51536,7.190103278541728,Silver,Sports,1,239.77500135318846,0.9651864080474556,0,0.0
222,19,Male,62768,46.435111143085216,Gold,Grocery,2,1000.0,0.7319638104229008,0,0.0
223,20,Female,83131,73.54061400383034,Silver,Grocery,1,1000.0,0.5185220253780493,1,1163.7983920426684
224,66,Male,90091,61.066440747026206,Silver,Electronics,5,1000.0,0.4903779015170052,1,989.8280605467224
225,54,Female,90922,67.6142951912099,Silver,Home & Living,8,1000.0,0.6063474935719753,0,0.0
226,66,Male,78125,9.033768675087677,Gold,Electronics,1,456.6856808264747,0.9880243611211453,0,0.0
227,34,Female,75360,95.19758030750194,Bronze,Fashion,1,1000.0,0.1481810317313689,1,1491.6994610185625
228,66,Male,68887,84.01069155045946,Bronze,Fashion,8,1000.0,0.3280567228660015,1,1427.5613488190422
229,19,Male,71675,80.70394153107061,Bronze,Grocery,1,1000.0,0.32108542293142134,1,807.724189364371
230,19,Female,51732,82.47539669913498,Bronze,Home & Living,4,1000.0,0.23397126777693303,0,0.0
231,45,Male,47727,93.33834030514338,Silver,Sports,9,1000.0,0.3505104333529129,0,0.0
232,40,Male,59949,54.88114264525607,Silver,Home & Living,2,1000.0,0.5176182864924702,0,0.0
233,54,Female,57447,20.827919768894965,Silver,Fashion,1,774.2311659255208,0.9074140771451779,0,0.0
234,49,Female,53201,62.061577177401574,Bronze,Sports,5,1000.0,0.4266482215037998,0,0.0
235,50,Male,70445,74.54526787312597,Silver,Home & Living,7,1000.0,0.3793218826261692,0,0.0
236,18,Male,74329,74.05382194204851,Bronze,Home & Living,8,1000.0,0.27442367405111373,0,0.0
237,36,Female,61326,52.62345339252113,Silver,Sports,3,1000.0,0.6751814286748227,0,0.0
238,19,Male,82162,7.777413214024228,Silver,Fashion,1,413.4917602446493,1.0,0,0.0
239,61,Male,42874,37.74018090458266,Bronze,Home & Living,3,1000.0,0.6613596478046605,0,0.0
240,43,Male,57095,92.15589423787237,Bronze,Sports,6,1000.0,0.12149438475950401,1,1311.8131069457786
241,49,Female,49247,58.860442065985175,Bronze,Health & Beauty,1,1000.0,0.39921853692217835,0,0.0
242,23,Female,32001,54.29486238231563,Gold,Health & Beauty,7,1000.0,0.7992564189954773,1,1236.9963117270224
243,49,Male,58759,27.61649792383716,Gold,Fashion,1,1000.0,0.8843908993031756,0,0.0
244,21,Male,58173,37.476443071741315,Silver,Sports,1,1000.0,0.7211579174655735,0,0.0
245,28,Male,82701,89.63926282616376,Bronze,Health & Beauty,1,1000.0,0.16483304526074913,1,776.1186324434582
246,34,Female,69462,66.97984170515673,Bronze,Sports,3,1000.0,0.43077290654027084,1,1430.3666579015296
247,55,Male,44637,78.95131564848096,Silver,Home & Living,5,1000.0,0.4795567151642014,0,0.0
248,41,Male,87811,45.98019688369786,Silver,Fashion,3,1000.0,0.6333094011413177,0,0.0
249,22,Female,78315,63.394474726159636,Bronze,Health & Beauty,5,1000.0,0.3723311029195162,0,0.0
250,69,Male,68731,25.589977265577545,Bronze,Home & Living,2,1000.0,0.7150950698241274,0,0.0
251,51,Female,56602,70.84062219806515,Silver,Electronics,2,1000.0,0.48070441558982613,0,0.0
252,23,Male,45608,43.33253203663039,Bronze,Electronics,1,1000.0,0.5755179389911887,0,0.0
253,39,Male,54416,44.81200596665981,Bronze,Fashion,1,1000.0,0.67759654720854,0,0.0
254,28,Male,76331,65.28291013311129,Bronze,Health & Beauty,1,1000.0,0.3872647776890265,0,0.0
255,65,Female,88268,93.69178152542374,Silver,Health & Beauty,9,1000.0,0.2816742069245474,0,0.0
256,33,Female,83148,7.336628314253471,Gold,Health & Beauty,1,394.73659535863726,0.9036419863837563,0,0.0
257,50,Female,52667,82.64958049735375,Platinum,Sports,15,1000.0,0.742852678455859,1,1433.4410071708583
258,26,Male,43205,29.94592793080712,Silver,Home & Living,1,837.2108799424403,0.6992722983354082,1,1009.2489657269338
259,23,Female,62113,44.948025996131406,Silver,Health & Beauty,2,1000.0,0.6823577823339604,0,0.0
260,33,Male,33473,3.1694195487258865,Bronze,Home & Living,1,68.6491775832649,0.9046647490373888,0,0.0
261,46,Male,64847,30.80356170559699,Silver,Fashion,1,1000.0,0.8423055863979061,0,0.0
262,20,Female,57785,50.76049302038292,Bronze,Health & Beauty,3,1000.0,0.548983680278651,1,941.1161640983337
263,37,Male,53009,6.561431657396462,Silver,Fashion,1,225.06480359919175,1.0,0,0.0
264,53,Male,36079,49.61847720893335,Bronze,Health & Beauty,2,1000.0,0.5420236761444893,0,0.0
265,36,Male,67704,92.7839522569843,Bronze,Electronics,8,1000.0,0.008357237988628585,1,1354.0163336687865
266,43,Male,52009,11.433928592672716,Bronze,Grocery,1,384.7987962880802,0.9699787026837557,0,0.0
267,20,Male,42451,76.67963207947493,Bronze,Fashion,1,1000.0,0.3349794692085791,1,541.3743824672599
268,36,Female,20000,41.55743428422327,Bronze,Health & Beauty,3,537.8168171486655,0.6588284853900243,0,0.0
269,37,Male,59587,65.86219773790947,Bronze,Grocery,2,1000.0,0.35711104087161233,0,0.0
270,49,Female,86583,26.763423200537705,Platinum,Fashion,1,1000.0,0.9175673276186175,0,0.0
271,24,Female,84918,16.78973399159447,Bronze,Sports,1,922.5794374775295,0.8582154378324327,0,0.0
272,69,Male,53143,16.885798812851416,Silver,Health & Beauty,2,580.6679804055233,0.8699083774297351,0,0.0
273,58,Male,50966,7.978702618671321,Gold,Sports,1,263.1330887568194,0.8733883456439696,0,0.0
274,50,Male,67031,19.37902378522306,Platinum,Electronics,2,840.5571118130775,1.0,0,0.0
275,57,Female,45024,66.75771911390785,Silver,Health & Beauty,8,1000.0,0.5744874280940563,0,0.0
276,56,Male,64526,88.2873705725073,Gold,Electronics,13,1000.0,0.5795923494884833,1,1314.3009836715878
277,35,Female,71491,81.59844287352502,Bronze,Grocery,7,1000.0,0.33130829518897387,1,1019.6678964659301
278,57,Male,78403,68.82829667757393,Bronze,Fashion,2,1000.0,0.4127549404537767,0,0.0
279,18,Female,58497,11.932754477699165,Bronze,Home & Living,1,451.68437644888286,0.8587450656967225,0,0.0
280,28,Male,56944,29.629557183299035,Silver,Electronics,1,1000.0,0.8550822376077913,0,0.0
281,45,Male,46830,31.670880656924428,Silver,Home & Living,3,959.7152051819515,0.8209146357304298,0,0.0
282,42,Female,47596,25.7457376933645,Bronze,Home & Living,1,792.9370357363001,0.7363240698940166,1,545.8326654302998
283,67,Female,56602,51.98556031126259,Bronze,Fashion,4,1000.0,0.5716306906128888,1,850.9220949656795
284,40,Male,65510,54.01982767308758,Silver,Grocery,2,1000.0,0.6098327046795828,1,1430.5292676740187
285,48,Female,73703,36.33171154193991,Bronze,Fashion,2,1000.0,0.6834385061124716,0,0.0
286,47,Female,47952,36.02512671490717,Silver,Health & Beauty,2,1000.0,0.7778066363413111,0,0.0
287,59,Female,82390,83.02700419270205,Silver,Electronics,2,1000.0,0.48723585571633377,1,993.076709787574
288,52,Female,55933,79.13999198364887,Silver,Home & Living,7,1000.0,0.4137202568581052,1,765.6094576664149
289,24,Male,59679,31.47178733639382,Silver,Fashion,4,1000.0,0.7979455976778564,0,0.0
290,33,Male,48791,91.46505594345267,Gold,Fashion,15,1000.0,0.6434610315942965,1,1302.765671462038
291,43,Male,23636,95.3286866832481,Bronze,Fashion,2,1000.0,0.13323944504941956,1,738.9046956675766
292,65,Female,73260,33.34751166097404,Silver,Electronics,3,1000.0,0.7763952572581607,0,0.0
293,69,Female,71052,36.08806993051243,Silver,Grocery,3,1000.0,0.8480950342103124,0,0.0
294,66,Male,55780,51.05778118877392,Bronze,Fashion,2,1000.0,0.5723538428984899,0,0.0
295,19,Male,61004,94.17096044083368,Bronze,Electronics,1,1000.0,0.07876234207444098,1,902.1311550288764
296,18,Female,67739,87.75562388108884,Bronze,Home & Living,7,1000.0,0.17042550246248217,0,0.0
297,65,Other,36561,11.15422829577539,Bronze,Health & Beauty,1,263.88997846889697,0.9340909060562936,0,0.0
298,29,Female,52064,39.88034358387021,Silver,Sports,3,1000.0,0.7419878403074323,0,0.0
299,22,Male,71913,55.78374778522741,Gold,Electronics,4,1000.0,0.7292102544108039,1,897.7289756227224
300,54,Male,41185,50.81011478260246,Bronze,Sports,3,1000.0,0.650770176114901,0,0.0
301,49,Male,64403,20.192443725752376,Bronze,Fashion,1,841.4980678327825,0.7873936486603089,1,1161.4760204812599
302,26,Female,39651,86.02286034564732,Platinum,Fashion,15,1000.0,0.7382107277914564,0,0.0
303,58,Male,66996,68.0171375166869,Bronze,Electronics,6,1000.0,0.28969025187790615,0,0.0
304,52,Female,59465,83.95292911032855,Bronze,Sports,2,1000.0,0.30245663244709164,1,1219.1780240519797
305,36,Male,35773,86.01766365559774,Silver,Fashion,11,1000.0,0.3579337393576868,1,1084.9927336058217
306,65,Female,77471,75.08722951290824,Silver,Home & Living,3,1000.0,0.5272462318496888,1,1189.2616354659551
307,33,Female,48981,44.48184952372202,Bronze,Grocery,5,1000.0,0.6472648608583669,0,0.0
308,20,Female,47846,61.44412874652703,Bronze,Grocery,3,1000.0,0.5644578042206457,0,0.0
309,37,Male,63008,16.876175205854572,Bronze,Fashion,1,688.064392617217,0.8805782019738695,0,0.0
310,41,Male,77229,67.69089633001586,Silver,Sports,3,1000.0,0.5083593944738836,0,0.0
311,50,Male,44762,18.746072318188794,Silver,Health & Beauty,1,542.9776499980107,0.891458641772533,0,0.0
312,41,Female,60925,69.70100946050552,Bronze,Fashion,1,1000.0,0.334728272464021,1,752.2789595768364
313,69,Female,66432,23.730217914642896,Silver,Health & Beauty,2,1000.0,0.8498464834729451,0,0.0
314,28,Female,70396,12.637578714871777,Gold,Health & Beauty,1,575.6667100043792,0.9267669811485225,0,0.0
315,66,Female,62646,17.363164524152786,Bronze,Sports,1,703.8533848691177,0.8402145967990313,0,0.0
316,25,Female,54494,1.1972213866879566,Bronze,Health & Beauty,1,42.21661919017723,0.9443066831234301,0,0.0
317,53,Male,47586,72.15522216749949,Silver,Home & Living,6,1000.0,0.5099357478156424,0,0.0
318,55,Female,61292,73.50770385677953,Bronze,Sports,1,1000.0,0.3796421665732877,1,1438.7601271637589
319,57,Male,43917,51.97840164141269,Bronze,Fashion,4,1000.0,0.44958954549369945,0,0.0
320,37,Male,20000,16.974917304482986,Silver,Home & Living,1,219.68141569136034,0.8467459462053623,0,0.0
321,52,Female,66548,9.271879413558285,Gold,Electronics,1,399.26480554480435,0.962042961391222,0,0.0
322,65,Male,73559,2.893767677291414,Gold,Grocery,1,137.738474015892,0.8681653295528722,0,0.0
323,42,Male,24556,17.40906951955685,Silver,Fashion,1,276.6235039444503,0.965149735048748,0,0.0
324,52,Female,44854,89.19469796333152,Silver,Fashion,6,1000.0,0.34008157352902657,1,919.8703717822713
325,42,Male,69287,24.912147328466496,Bronze,Fashion,1,1000.0,0.7288862981058801,0,0.0
326,46,Female,90862,36.07286139450435,Silver,Home & Living,1,1000.0,0.7371228564256301,0,0.0
327,35,Male,60311,11.429202963651985,Bronze,Electronics,1,446.0408672058934,0.9040058152670434,0,0.0
328,63,Male,49079,23.01376917006886,Bronze,Sports,2,730.8825147219037,0.7550524325717634,0,0.0
329,35,Male,57256,52.403232507240304,Silver,Electronics,1,1000.0,0.6821980557487642,0,0.0
330,19,Male,80623,61.1675156264696,Silver,Home & Living,5,1000.0,0.5918127175867739,0,0.0
331,52,Female,50310,25.289879102454893,Bronze,Fashion,2,823.3061594288992,0.7305289933976381,0,0.0
332,33,Male,48012,6.715483763286604,Gold,Grocery,1,208.6334026444569,0.9403023253374484,0,0.0
333,58,Female,52758,39.71225404361247,Bronze,Fashion,1,1000.0,0.5667512287879719,0,0.0
334,53,Male,45700,24.18613372170708,Bronze,Sports,1,715.2188944952564,0.7196577517278945,0,0.0
335,50,Female,61840,22.735838399750392,Bronze,Health & Beauty,1,909.7802292870282,0.8147573708128646,0,0.0
336,21,Female,84370,96.02641746863208,Silver,Grocery,11,1000.0,0.2864718499160841,1,818.2549972794209
337,50,Female,64846,62.01374810664668,Silver,Fashion,4,1000.0,0.6561179859059278,0,0.0
338,31,Male,56214,56.13096587403749,Bronze,Grocery,3,1000.0,0.49836746714911956,0,0.0
339,38,Male,55622,42.16173524880887,Silver,Health & Beauty,5,1000.0,0.6372266820031381,0,0.0
340,65,Male,36552,43.46548900958428,Bronze,Electronics,3,1000.0,0.5516432346103634,0,0.0
341,37,Female,73246,54.54959537997,Silver,Home & Living,7,1000.0,0.6708013170742815,0,0.0
342,25,Male,58832,69.94655089657462,Bronze,Fashion,4,1000.0,0.3666553618003747,1,718.9701271058013
343,24,Female,57292,70.51246352200111,Bronze,Sports,1,1000.0,0.4149875696298718,0,0.0
344,20,Female,107896,17.997696862839508,Gold,Electronics,3,1000.0,0.8916871166818992,0,0.0
345,34,Male,64481,50.51116245558607,Bronze,Fashion,3,1000.0,0.5173879332745499,1,1034.9040863826442
346,50,Female,48723,41.783851408376094,Bronze,Electronics,1,1000.0,0.6799177058763344,0,0.0
347,65,Male,53604,87.18216966066903,Silver,Sports,4,1000.0,0.3467959435238872,0,0.0
348,29,Male,77226,63.510473200619266,Platinum,Fashion,1,1000.0,0.8339212870666602,0,0.0
349,68,Female,61699,53.7179025751822,Bronze,Health & Beauty,3,1000.0,0.5059496963032918,0,0.0
350,39,Female,38425,12.42406957571282,Bronze,Health & Beauty,1,308.9176989759007,0.9321195444873733,0,0.0
351,39,Female,73788,60.958151043017736,Bronze,Sports,6,1000.0,0.5423008399896303,0,0.0
352,63,Male,49977,12.60318666234311,Silver,Grocery,1,407.58059169459096,0.8921688092035478,0,0.0
353,47,Male,88099,34.38345098100945,Bronze,Sports,1,1000.0,0.6631918342310921,1,1101.3596072783544
354,55,Female,76200,15.141354516618854,Silver,Grocery,1,746.5853510852195,0.9273009378355358,0,0.0
355,55,Female,53290,69.51529105541252,Platinum,Fashion,1,1000.0,0.737353947073609,0,0.0
356,62,Female,79215,21.41895926977911,Bronze,Grocery,2,1000.0,0.8880526394644899,0,0.0
357,68,Male,61017,39.794077945614575,Bronze,Fashion,1,1000.0,0.7141544259922925,0,0.0
358,25,Female,72791,89.67180298425909,Bronze,Fashion,7,1000.0,0.14299779118364664,0,0.0
359,44,Male,67270,21.22732195649806,Bronze,Home & Living,1,924.0143083408688,0.7297978614211721,0,0.0
360,44,Male,47304,51.27270133191913,Gold,Fashion,4,1000.0,0.6856076356975934,0,0.0
361,51,Female,50346,42.50789445543618,Bronze,Grocery,1,1000.0,0.5601604679031185,0,0.0
362,38,Male,75449,2.7942800635272436,Bronze,Home & Living,1,136.4210691902794,1.0,0,0.0
363,47,Female,54978,79.48305324370847,Silver,Home & Living,11,1000.0,0.521077143083011,1,959.4833010501653
364,50,Male,53945,7.835544725145373,Bronze,Fashion,1,273.5131714542236,0.9689864081046329,0,0.0
365,45,Male,45673,47.95124707671841,Silver,Sports,3,1000.0,0.6525316596321483,0,0.0
366,64,Female,66353,56.507151198956045,Bronze,Sports,6,1000.0,0.5085605625549163,0,0.0
367,50,Female,90937,63.21421920484412,Gold,Health & Beauty,1,1000.0,0.6404400023355277,0,0.0
368,22,Female,43987,69.17453130147969,Gold,Home & Living,5,1000.0,0.7089877457708132,0,0.0
369,65,Female,60363,26.073965968748794,Silver,Fashion,1,1000.0,0.839083685217885,0,0.0
370,36,Female,81183,1.987898889186488,Platinum,Sports,1,104.42793548582576,1.0,0,0.0
371,21,Female,58805,72.62092257313628,Bronze,Fashion,1,1000.0,0.3100349117487846,1,1343.1779206528404
372,52,Female,66785,54.03000333541028,Bronze,Fashion,2,1000.0,0.505300110637875,0,0.0
373,66,Male,44064,83.77565261751762,Silver,Home & Living,3,1000.0,0.44982408867643675,0,0.0
374,34,Female,66424,82.31744792716873,Silver,Health & Beauty,6,1000.0,0.49595350948599964,1,1328.4445385543854
375,61,Male,57192,84.48929061100043,Bronze,Home & Living,10,1000.0,0.20919139652856694,1,1037.7724912756435
376,45,Other,74785,49.02437133797447,Bronze,Electronics,4,1000.0,0.5978032533167708,0,0.0
377,47,Female,77810,34.0292111878497,Bronze,Sports,3,1000.0,0.6581335094788386,0,0.0
378,46,Male,98843,79.36426205654563,Bronze,Sports,6,1000.0,0.3915813301324197,1,913.2033805968588
379,63,Female,68694,45.67811718989624,Bronze,Sports,1,1000.0,0.5681557098773073,0,0.0
380,23,Female,64886,19.160777443940017,Silver,Grocery,1,804.5001099147119,0.8980498165950255,0,0.0
381,52,Male,62915,85.64242793658596,Bronze,Fashion,9,1000.0,0.23749862933240795,1,1375.2098044480254
382,58,Female,54702,88.37342780046238,Bronze,Home & Living,4,1000.0,0.3349043058638632,1,1012.2110168102847
383,54,Female,65077,47.16466585787684,Silver,Sports,1,1000.0,0.6813424193960903,0,0.0
384,41,Male,55568,8.49427300366896,Silver,Electronics,1,305.4318247876663,0.9147872878248109,0,0.0
385,46,Female,62526,39.394782901776196,Gold,Sports,2,1000.0,0.8350014111217722,1,1200.8179626386793
386,66,Male,79763,80.55022828679773,Silver,Health & Beauty,3,1000.0,0.4670104453311845,0,0.0
387,63,Female,44901,90.27562882607664,Bronze,Fashion,10,1000.0,0.17964584737736317,0,0.0
388,48,Other,77098,21.143801507261987,Gold,Fashion,3,1000.0,0.8395426992522846,0,0.0
389,52,Female,79756,7.630387590501881,Silver,Home & Living,1,393.79443319510443,0.920187343796969,0,0.0
390,50,Male,58228,87.85769486015103,Bronze,Grocery,10,1000.0,0.2533556936658867,0,0.0
391,69,Female,28172,39.55108895890866,Silver,Home & Living,3,720.9987337136714,0.6357699299759413,1,363.21586985678994
392,38,Female,50882,54.634335462488764,Gold,Sports,7,1000.0,0.7144260277182706,0,0.0
393,49,Male,79454,96.83851539302513,Bronze,Health & Beauty,1,1000.0,0.1781965575536129,1,1096.5160006986307
394,40,Female,59656,7.589908063508062,Bronze,Electronics,1,292.99042561524084,0.927016016478425,0,0.0
395,50,Male,45010,65.18348273775746,Bronze,Home & Living,5,1000.0,0.52203416233782,1,951.4230036049703
396,20,Female,52428,8.33643683491184,Bronze,Grocery,1,282.81505636842076,0.8377395564708607,0,0.0
397,35,Male,72609,38.171423918183535,Bronze,Home & Living,3,1000.0,0.6083887912903765,0,0.0
398,42,Male,68201,80.57763997415123,Silver,Fashion,2,1000.0,0.32022483006830205,0,0.0
399,59,Male,56416,43.9137510428078,Bronze,Sports,1,1000.0,0.7044607689519947,0,0.0
400,48,Female,54497,99.72105303639209,Gold,Sports,15,1000.0,0.454145377280458,1,892.5261984178272
401,20,Male,54123,56.34686920971362,Silver,Sports,1,1000.0,0.5062258499455881,0,0.0
402,57,Female,46163,32.795053110959394,Silver,Sports,2,979.6388266483768,0.7398386625020125,0,0.0
403,63,Male,84230,22.79102126457056,Gold,Sports,1,1000.0,0.8164044382677237,0,0.0
404,41,Male,55165,35.70153289433002,Bronze,Sports,1,1000.0,0.6484469594357596,0,0.0
405,67,Female,78257,37.88079410219553,Bronze,Electronics,3,1000.0,0.6611343156274854,1,1020.8287305407415
406,49,Female,82819,7.802654094672136,Silver,Grocery,1,418.1497840959547,0.9856274765396501,0,0.0
407,64,Male,74974,37.58784574325054,Gold,Sports,2,1000.0,0.8033273242782004,0,0.0
408,39,Female,53525,46.95961345418327,Silver,Grocery,1,1000.0,0.672547240787451,0,0.0
409,40,Female,66055,72.55103747164166,Bronze,Health & Beauty,7,1000.0,0.3179609016017184,0,0.0
410,19,Female,59637,66.01621898743919,Gold,Sports,3,1000.0,0.5943339937003211,0,0.0
411,44,Male,46444,71.16779986768627,Bronze,Home & Living,4,1000.0,0.26716278904252855,1,723.5278223015114
412,59,Male,64865,1.8280045058088528,Gold,Sports,1,76.72659865242439,0.9726356884541377,0,0.0
413,19,Female,42314,22.549072558473068,Platinum,Fashion,1,617.4084358680983,0.9365847712517414,0,0.0
414,43,Male,77815,66.5067445515858,Bronze,Electronics,7,1000.0,0.3795085729744153,0,0.0
415,34,Female,53030,48.914947449794965,Silver,Home & Living,1,1000.0,0.5671290182083681,1,1125.146091733354
416,57,Female,63017,1.5260340911662487,Bronze,Home & Living,1,62.22721103958741,0.9963356978429123,0,0.0
417,50,Female,64249,80.64496960075041,Bronze,Fashion,4,1000.0,0.35566051773846197,1,626.4802566913095
418,26,Female,56116,77.50814775574341,Silver,Sports,10,1000.0,0.4517106400342388,0,0.0
419,60,Other,68800,55.2934971363627,Silver,Electronics,2,1000.0,0.583968991166657,0,0.0
420,65,Male,52876,7.57986925185094,Gold,Home & Living,1,259.34603949952634,0.9590759517285693,0,0.0
421,56,Female,73069,76.88498990372588,Silver,Electronics,10,1000.0,0.406586078445763,1,1013.4979613418574
422,46,Male,39810,58.78764518540503,Bronze,Home & Living,4,1000.0,0.41246623686654726,0,0.0
423,59,Male,61895,78.41403773863796,Gold,Sports,7,1000.0,0.6305005157115421,0,0.0
424,43,Female,89083,75.4229522471882,Platinum,Health & Beauty,5,1000.0,0.823247219710052,0,0.0
425,52,Female,44995,80.49720512382588,Bronze,Home & Living,7,1000.0,0.2681702362758461,0,0.0
426,67,Other,49833,52.28279857405786,Platinum,Health & Beauty,1,1000.0,0.744463351897038,0,0.0
427,42,Female,67708,14.892127301157984,Bronze,Home & Living,1,652.463683492407,0.8836383006163656,0,0.0
428,41,Male,62693,67.44458986458918,Gold,Grocery,7,1000.0,0.7661461591939265,0,0.0
429,30,Male,65259,62.42690472014509,Bronze,Sports,2,1000.0,0.42596294934627993,1,901.8396856899208
430,24,Female,67337,74.48306553270963,Bronze,Fashion,8,1000.0,0.32076012143544214,0,0.0
431,53,Male,69520,17.818219599022797,Bronze,Health & Beauty,1,801.5578310469682,0.796004347103098,0,0.0
432,62,Male,76645,20.302544790128632,Silver,Fashion,2,1000.0,0.88194988636377,0,0.0
433,37,Male,66147,89.15054220471352,Bronze,Sports,8,1000.0,0.16409594693284776,0,0.0
434,18,Male,56381,75.24780204675501,Bronze,Fashion,6,1000.0,0.3738448764626346,0,0.0
435,25,Male,70088,90.91462038133197,Silver,Sports,2,1000.0,0.3307186300064185,1,856.937297948135
436,63,Male,88498,76.11281679522816,Gold,Fashion,10,1000.0,0.6365254894298074,0,0.0
437,33,Male,58010,60.11837529303988,Bronze,Health & Beauty,1,1000.0,0.45661741005966305,0,0.0
438,31,Male,45382,65.7591409657595,Bronze,Grocery,2,1000.0,0.48592331227362956,0,0.0
439,29,Other,76606,89.02366447006098,Bronze,Fashion,8,1000.0,0.21926098907935354,1,1272.2591646531978
440,68,Male,58194,58.301868696682114,Bronze,Health & Beauty,4,1000.0,0.5446335476861071,0,0.0
441,40,Male,27409,63.606741108510356,Gold,Home & Living,9,1000.0,0.6873974694963066,1,830.7949947810432
442,32,Female,72711,16.491194884356457,Gold,Sports,1,775.9073027161497,0.9090070105525035,0,0.0
443,45,Male,51970,47.91820079149417,Silver,Electronics,4,1000.0,0.6626630559827796,0,0.0
444,51,Female,58642,71.92331408385179,Bronze,Electronics,1,1000.0,0.3141197131764742,1,1286.3218061360772
445,19,Female,64979,27.823327133320177,Silver,Sports,2,1000.0,0.8318201492519524,0,0.0
446,49,Male,62857,21.023163871928958,Silver,Grocery,2,855.0879811189797,0.8183199358563229,0,0.0
447,40,Male,70641,32.06885401421714,Gold,Fashion,3,1000.0,0.8452788820048068,0,0.0
448,39,Female,53467,24.908562171290512,Silver,Grocery,1,861.7788937113323,0.868400163124162,0,0.0
449,68,Female,67696,22.27635106660319,Silver,Electronics,1,975.812737870256,0.9232429880226247,0,0.0
450,42,Male,56106,43.06023344394061,Silver,Health & Beauty,1,1000.0,0.7067213700856653,0,0.0
451,39,Female,71082,90.87601287446988,Bronze,Sports,7,1000.0,0.2251762369330727,1,724.9059705518224
452,39,Male,69230,51.19890502713311,Platinum,Sports,11,1000.0,0.8834976724376414,0,0.0
453,66,Other,45968,19.60411770071698,Silver,Grocery,1,583.1261649306318,0.8436523215539323,0,0.0
454,69,Male,76289,8.620195268706533,Silver,Health & Beauty,1,425.53848913114035,1.0,0,0.0
455,59,Female,51960,69.9194583686546,Bronze,Grocery,7,1000.0,0.3419127645381613,0,0.0
456,23,Female,72120,38.8970776792024,Silver,Fashion,3,1000.0,0.7322701875530615,0,0.0
457,32,Female,65509,82.36126371195057,Silver,Home & Living,8,1000.0,0.4961771416862674,1,1496.6726085527919
458,60,Female,87572,66.29156609543625,Bronze,Health & Beauty,6,1000.0,0.47484881728101486,0,0.0
459,54,Male,56648,79.82790360359549,Bronze,Home & Living,3,1000.0,0.2822648874694237,1,1013.380646280294
460,50,Male,54760,27.922657902426426,Silver,Fashion,1,989.4134687216683,0.8540622320750464,0,0.0
461,25,Male,59708,69.54353332364475,Silver,Home & Living,1,1000.0,0.501996649912309,1,1315.8205232629666
462,61,Male,55452,27.142136484678158,Silver,Electronics,3,973.9110096740109,0.7855711000922999,0,0.0
463,61,Female,71999,93.96777946557887,Bronze,Home & Living,10,1000.0,0.09365053115386818,1,1340.92384377346
464,22,Male,35755,64.00105387180406,Silver,Fashion,7,1000.0,0.5881866911713356,0,0.0
465,56,Male,44194,33.12666821735887,Bronze,Home & Living,1,947.3364115183971,0.7433210326071931,0,0.0
466,21,Other,43982,27.681674366934992,Bronze,Sports,1,787.8298414181392,0.722470465919802,0,0.0
467,23,Female,74254,19.901731922092708,Bronze,Grocery,1,956.2467492920929,0.8342894144004274,0,0.0
468,62,Female,85659,69.76945493047906,Bronze,Electronics,1,1000.0,0.5046243270192852,0,0.0
469,49,Other,58433,22.6528456867948,Bronze,Sports,1,856.5220571693554,0.8534585038247149,0,0.0
470,69,Male,57467,59.935023326821415,Bronze,Sports,6,1000.0,0.41551059292966425,1,967.2873581821201
471,47,Male,61050,27.198867665610376,Bronze,Fashion,2,1000.0,0.805288304997676,0,0.0
472,64,Female,77428,66.53492553459299,Bronze,Grocery,5,1000.0,0.3563425811261291,0,0.0
473,52,Female,46089,81.67903312551339,Silver,Grocery,2,1000.0,0.283485852528672,0,0.0
474,57,Male,63575,78.02449907132066,Bronze,Health & Beauty,3,1000.0,0.29675890119480763,0,0.0
475,69,Female,74627,76.3242817621474,Bronze,Electronics,3,1000.0,0.39124153712032267,1,517.8337901936233
476,33,Male,67516,19.584518163532955,Gold,Fashion,2,855.6140451624129,0.9719498072041823,0,0.0
477,30,Male,62843,9.750109751467352,Bronze,Electronics,1,396.4852856009984,0.9311107706914267,0,0.0
478,67,Female,75015,70.19593402025117,Silver,Health & Beauty,4,1000.0,0.48154199119574714,0,0.0
479,59,Female,20000,37.46637416564078,Bronze,Home & Living,2,484.87223648250125,0.6871251167048652,0,0.0
480,47,Female,70168,43.80227641393138,Bronze,Sports,1,1000.0,0.592321503759072,0,0.0
481,36,Male,50188,4.083760186545716,Silver,Electronics,1,132.62434705997669,0.9457308940957144,0,0.0
482,34,Female,32540,26.69806847822987,Silver,Sports,1,562.159827864093,0.8662136307676696,0,0.0
483,36,Male,67668,4.333963983571938,Gold,Fashion,1,189.76868340163188,0.9520283910966107,0,0.0
484,45,Male,80604,88.03939148752352,Silver,Home & Living,6,1000.0,0.4400860874111392,1,1265.6048182577924
485,43,Female,57938,25.096271638634516,Platinum,Fashion,5,940.8716930112878,0.8951018869859058,1,934.7850342998764
486,54,Female,74293,56.1763797877278,Bronze,Home & Living,4,1000.0,0.5973371796515944,0,0.0
487,43,Female,84184,4.85895274545191,Bronze,Home & Living,1,264.68466815397574,0.8742377032766768,0,0.0
488,40,Female,79723,67.01789173926015,Bronze,Sports,2,1000.0,0.3490005077614302,1,768.7007357542682
489,26,Female,84599,32.97970722965529,Bronze,Fashion,2,1000.0,0.6954142482235861,1,847.5998144586509
490,29,Female,71131,89.89399950880892,Silver,Fashion,5,1000.0,0.2715398082789345,1,1212.7717935169044
491,18,Male,61131,88.92370070446955,Silver,Electronics,5,1000.0,0.24898478793095485,0,0.0
492,18,Male,35970,33.20377121781303,Bronze,Fashion,2,772.8401889272739,0.6023956781941523,1,1085.2153981348351
493,64,Male,56309,90.19512867335632,Gold,Electronics,10,1000.0,0.534419896117668,1,1102.1687693888832
494,51,Male,47351,99.6196096763791,Gold,Grocery,14,1000.0,0.4885664511238988,1,993.0182084815032
495,49,Female,92564,82.71615074827086,Bronze,Grocery,3,1000.0,0.27220461732720547,1,1285.7527238867328
496,65,Female,57361,84.64226342776767,Bronze,Grocery,8,1000.0,0.22836955506127388,1,1447.5338507334452
497,42,Male,61848,25.6518648747999,Bronze,Health & Beauty,1,1000.0,0.7841090393523433,0,0.0
498,57,Male,68272,58.093537486917874,Bronze,Fashion,1,1000.0,0.4546473418958189,0,0.0
499,62,Female,60654,7.6583354827694174,Bronze,Health & Beauty,1,300.57285231813427,0.9668157685286592,0,0.0
500,18,Male,85425,10.396875745345302,Silver,Fashion,1,574.7081939226288,0.956937369941259,0,0.0
501,33,Female,50660,99.89036859129577,Bronze,Electronics,11,1000.0,0.08465205168546214,1,1489.1855748647833
502,56,Female,62919,33.337285693165185,Bronze,Health & Beauty,2,1000.0,0.7266150004951328,0,0.0
503,22,Female,48862,75.07020729283579,Platinum,Health & Beauty,16,1000.0,0.7652570813240591,0,0.0
504,39,Female,40199,80.85984024965482,Silver,Health & Beauty,10,1000.0,0.35786482248276097,0,0.0
505,46,Female,50823,85.9443038297157,Gold,Home & Living,9,1000.0,0.6155033129205526,1,1343.5869455935401
506,20,Male,59444,99.76520144281349,Bronze,Electronics,6,1000.0,0.056772384684757066,1,678.2501439579634
507,29,Female,53560,24.908152040429915,Bronze,Grocery,1,863.2597969645619,0.8205178293932192,0,0.0
508,43,Female,49613,4.994731859110271,Silver,Electronics,1,160.350131909038,0.9812382155920792,0,0.0
509,33,Male,38905,41.70796028146401,Bronze,Home & Living,3,1000.0,0.6204022420159677,0,0.0
510,68,Female,58753,13.877986313065747,Bronze,Fashion,1,527.6126938692743,0.7812484534098539,0,0.0
511,54,Female,37429,3.220163027043457,Silver,Electronics,1,77.99091123767471,1.0,0,0.0
512,39,Female,71400,36.68225588700712,Silver,Health & Beauty,1,1000.0,0.7250685157232458,0,0.0
513,46,Female,61236,78.59008685644841,Bronze,Grocery,4,1000.0,0.32441739764974353,1,869.056159341804
514,31,Female,38136,57.051888431282016,Bronze,Grocery,1,1000.0,0.4808342979499227,0,0.0
515,45,Female,55361,31.96502093182505,Bronze,Fashion,2,1000.0,0.698743044835455,0,0.0
516,22,Female,48717,65.77985854377926,Bronze,Electronics,7,1000.0,0.4176216650258361,0,0.0
517,64,Female,64787,23.96979985057226,Bronze,Home & Living,1,1000.0,0.7856004155169419,0,0.0
518,66,Female,80106,2.423763161136417,Bronze,Fashion,1,125.63625568458987,0.9648364920409829,0,0.0
519,47,Female,31872,76.67098525720631,Bronze,Electronics,3,1000.0,0.3071954047545355,1,1193.8806887083224
520,63,Female,61725,62.7505654015369,Platinum,Sports,10,1000.0,0.8331015366089748,0,0.0
521,69,Male,57598,76.46795982559503,Silver,Grocery,4,1000.0,0.48961524005874946,0,0.0
522,22,Female,70070,4.854863652078896,Silver,Home & Living,1,220.12300729574008,0.9681838150726442,0,0.0
523,29,Female,63197,83.87484315523457,Bronze,Health & Beauty,2,1000.0,0.2761732610936108,0,0.0
524,33,Male,48720,62.33309380359403,Bronze,Home & Living,4,1000.0,0.4177986655454993,0,0.0
525,43,Female,55214,56.77613972055137,Bronze,Health & Beauty,2,1000.0,0.6002590615648605,0,0.0
526,43,Male,48059,62.83679076333863,Bronze,Home & Living,5,1000.0,0.5087483135303414,1,824.6612671851941
527,65,Male,76140,86.57889143996805,Bronze,Grocery,1,1000.0,0.25891212678186815,1,896.2355245373035
528,38,Female,60319,59.1067141493318,Silver,Health & Beauty,5,1000.0,0.48917397626282494,0,0.0
529,56,Male,88517,58.514087608929756,Silver,Electronics,2,1000.0,0.6207023436802409,1,1060.8123417775173
530,53,Female,59090,99.07723654951081,Silver,Health & Beauty,7,1000.0,0.2896274900103216,0,0.0
531,50,Female,49373,75.91628653978823,Bronze,Fashion,3,1000.0,0.2678193845714382,1,1322.2111553077043
532,47,Female,37294,44.78708673966239,Gold,Electronics,6,1000.0,0.7579597637864471,0,0.0
533,54,Male,32952,71.03230300325984,Bronze,Fashion,8,1000.0,0.31731753627419035,1,1205.362690896682
534,40,Male,36237,39.53381669748706,Bronze,Home & Living,4,927.0179670546866,0.6695358044105917,0,0.0
535,27,Female,64006,23.6586707858664,Bronze,Electronics,1,979.8797641565741,0.8678716660553638,0,0.0
536,22,Other,67630,60.088335811888186,Silver,Home & Living,4,1000.0,0.6206830889021218,0,0.0
537,53,Female,36282,92.8900277132812,Platinum,Sports,18,1000.0,0.8594561788996357,0,0.0
538,51,Male,73425,92.98481248153081,Bronze,Home & Living,7,1000.0,0.08545606618745245,0,0.0
539,69,Female,52754,34.84862253244354,Gold,Home & Living,1,1000.0,0.8004551521143269,0,0.0
540,48,Female,62201,53.2400691559478,Gold,Fashion,8,1000.0,0.6866483946031454,0,0.0
541,27,Female,84183,21.951953958416258,Bronze,Health & Beauty,1,1000.0,0.8639008300922465,0,0.0
542,36,Male,73452,99.56747984038947,Bronze,Sports,3,1000.0,0.09286516358756787,1,550.0358364347567
543,49,Female,55972,98.13067287892564,Bronze,Home & Living,4,1000.0,0.12629975391353193,1,569.3953149405421
544,18,Female,46632,65.30138404103728,Platinum,Home & Living,5,1000.0,0.8357801244755411,0,0.0
545,22,Other,27722,80.63699190806986,Bronze,Sports,5,1000.0,0.20152763030053417,0,0.0
546,62,Male,49212,71.7949159670863,Silver,Sports,3,1000.0,0.46636814007014615,1,745.3047170590812
547,21,Female,56833,59.72266368490735,Bronze,Electronics,1,1000.0,0.5123593245207295,0,0.0
548,33,Female,45192,6.281451701900872,Silver,Fashion,1,183.68774954923637,0.9286254430612979,0,0.0
549,41,Male,58031,46.02166991271345,Bronze,Sports,3,1000.0,0.5001228223321444,0,0.0
550,33,Female,61152,67.80384391457365,Silver,Sports,7,1000.0,0.48025994821377205,1,1362.879284099225
551,19,Female,56627,68.07562977448478,Gold,Grocery,4,1000.0,0.6453084484473128,0,0.0
552,66,Male,50249,37.93913922381598,Gold,Health & Beauty,1,1000.0,0.8186423298753915,0,0.0
553,45,Male,62529,94.22750667914502,Gold,Sports,3,1000.0,0.525321801106749,0,0.0
554,49,Female,66629,17.568346191441318,Bronze,Fashion,1,757.4440302327621,0.8111739921798794,0,0.0
555,44,Male,43644,50.5355851753405,Silver,Health & Beauty,3,1000.0,0.69321657571504,0,0.0
556,37,Female,81163,69.39751367853145,Bronze,Health & Beauty,4,1000.0,0.36896933006512145,0,0.0
557,41,Male,58521,70.01644478328912,Bronze,Home & Living,1,1000.0,0.38032206505029403,0,0.0
558,29,Female,60282,65.21525672011273,Silver,Home & Living,7,1000.0,0.5154454040897893,0,0.0
559,67,Male,70623,28.253533131734155,Bronze,Home & Living,1,1000.0,0.8211652150264033,0,0.0
560,52,Female,63498,16.464450299975574,Silver,Home & Living,1,676.4950024614012,0.865167292639828,0,0.0
561,50,Other,74297,63.95809235584438,Platinum,Grocery,2,1000.0,0.8118603662621299,0,0.0
562,50,Other,64306,60.330909497804335,Bronze,Sports,3,1000.0,0.508771786626105,1,1114.641119054502
563,68,Female,50813,18.756245018634857,Silver,Home & Living,2,616.7087990801298,0.8827083979225541,0,0.0
564,60,Male,65422,70.80877541148577,Bronze,Electronics,7,1000.0,0.37547550611850217,1,1379.110223892965
565,54,Female,42844,46.06202718163198,Bronze,Home & Living,3,1000.0,0.4867589798954815,0,0.0
566,29,Male,61628,67.10829856871214,Bronze,Sports,6,1000.0,0.43005706296628493,0,0.0
567,20,Male,59501,83.89934089724491,Gold,Home & Living,2,1000.0,0.58328264252445,0,0.0
568,18,Male,56878,17.803114429115393,Gold,Grocery,1,655.2361395769894,0.9380626830130505,0,0.0
569,50,Female,58071,2.895341931686831,Gold,Fashion,1,108.79823010782329,0.9946839427600076,0,0.0
570,57,Female,31772,78.13115605318289,Platinum,Fashion,5,1000.0,0.7376486539843078,1,1219.6945714608373
571,27,Female,51769,61.360045090108976,Bronze,Sports,6,1000.0,0.492474952516499,1,594.2403504772475
572,60,Male,61392,70.26431739259004,Bronze,Fashion,2,1000.0,0.3775274740306853,0,0.0
573,61,Male,62397,83.9773425238756,Silver,Fashion,4,1000.0,0.34768927778072534,1,786.3660678871586
574,46,Other,44584,80.47828254762555,Bronze,Electronics,6,1000.0,0.34112131488867814,0,0.0
575,30,Male,78985,96.13109454595364,Bronze,Sports,7,1000.0,0.06329617086704355,1,1039.6158506018369
576,29,Male,47007,54.0575728063597,Bronze,Sports,4,1000.0,0.5585283064552898,0,0.0
577,48,Male,74541,49.361067633330634,Silver,Fashion,1,1000.0,0.7288191151631959,0,0.0
578,63,Female,66407,40.78683278918228,Silver,Fashion,5,1000.0,0.659177398677561,0,0.0
579,19,Female,50306,16.21541324157625,Bronze,Fashion,1,527.8476101845474,0.8479231914889193,0,0.0
580,68,Male,86629,57.68811605532022,Bronze,Health & Beauty,3,1000.0,0.4700095431954091,1,1341.5157240621231
581,67,Male,42095,28.4242399082719,Silver,Grocery,4,774.2472058415785,0.7924817628830524,0,0.0
582,52,Female,73787,92.20944370908457,Silver,Home & Living,10,1000.0,0.4460458117980612,1,812.1282768781059
583,40,Female,75008,58.73588962343266,Bronze,Grocery,1,1000.0,0.41664104974325017,1,512.5950381694267
584,34,Male,49940,59.69117787030291,Silver,Sports,6,1000.0,0.5668334026639298,1,596.0069465061528
585,43,Female,80886,36.137541426823994,Bronze,Electronics,1,1000.0,0.7499282520996715,0,0.0
586,25,Male,56249,6.1469458457930415,Bronze,Home & Living,1,223.73410065244624,0.9285300459709052,0,0.0
587,46,Male,64330,4.142632771925873,Silver,Electronics,1,172.44411349940543,0.9242125848031941,0,0.0
588,43,Female,63904,42.910179271166555,Silver,Health & Beauty,6,1000.0,0.7127794791903216,0,0.0
589,27,Male,57985,9.371972431626547,Bronze,Sports,1,351.6455148278706,0.9559342752007118,0,0.0
590,43,Female,72162,61.07784859847377,Silver,Health & Beauty,6,1000.0,0.5528130113032688,1,552.6421126271612
591,51,Male,71902,88.21632755832609,Silver,Sports,3,1000.0,0.4102041266320946,0,0.0
592,68,Male,33772,88.4085668353535,Silver,Electronics,9,1000.0,0.3123092774487974,0,0.0
593,58,Other,79565,66.245495603091,Silver,Electronics,5,1000.0,0.4702301766074333,1,1396.5715249692776
594,24,Male,35062,21.91195131582017,Silver,Electronics,2,497.1427121007553,0.8246120267766275,0,0.0
595,21,Female,75488,86.43668630452834,Bronze,Sports,2,1000.0,0.2515706942588314,1,1270.1312919289194
596,67,Male,76900,88.7232500960076,Bronze,Fashion,8,1000.0,0.2395656481851859,1,641.5521094771061
597,62,Male,43635,20.46870491034291,Bronze,Electronics,2,577.9443371088167,0.7566808534340106,0,0.0
598,28,Male,53837,74.00518249129705,Bronze,Health & Beauty,6,1000.0,0.3701743928149555,0,0.0
599,46,Female,43414,29.365435343785173,Silver,Home & Living,2,824.9472944453103,0.8027673046152428,0,0.0
600,53,Male,56776,80.46139092294004,Silver,Sports,10,1000.0,0.39281002881685384,1,1116.0923211499933
601,42,Female,55379,99.72655209045666,Bronze,Health & Beauty,1,1000.0,0.03575161358474008,1,875.2464085940503
602,38,Male,71694,3.9725745276098885,Bronze,Grocery,1,184.2960473866589,0.9757379869967272,0,0.0
603,53,Other,79654,89.83922071330225,Bronze,Grocery,9,1000.0,0.2559251747885519,0,0.0
604,27,Male,80935,62.64042282626715,Bronze,Home & Living,1,1000.0,0.43801231610249347,0,0.0
605,54,Female,51567,97.3648792973173,Silver,Fashion,6,1000.0,0.2716998024484671,1,1123.6278328613162
606,26,Female,56861,47.03594223511633,Bronze,Electronics,1,1000.0,0.48327540552998166,0,0.0
607,41,Female,34748,84.891405126566,Silver,Sports,7,1000.0,0.4822347064584685,1,559.5124425639743
608,52,Female,47911,7.177012791229446,Gold,Health & Beauty,1,222.50676201327502,1.0,0,0.0
609,66,Female,74472,34.192625957751275,Bronze,Electronics,1,1000.0,0.7073702088188185,0,0.0
610,52,Female,84233,7.6346372373697875,Bronze,Health & Beauty,1,416.1310842060007,1.0,0,0.0
611,65,Male,41484,97.55897021442799,Bronze,Sports,3,1000.0,0.1331652230578278,1,1161.653200467251
612,53,Male,51113,81.88041681991183,Silver,Grocery,4,1000.0,0.40028523472973304,0,0.0
613,35,Female,59603,85.40219470335109,Silver,Electronics,2,1000.0,0.42994124932905287,0,0.0
614,66,Female,64202,93.85855791195553,Bronze,Home & Living,10,1000.0,0.11378669497901063,1,1076.0808790144938
615,56,Female,47855,9.42524512585875,Silver,Fashion,1,291.8664838467506,0.8842408932263297,0,0.0
616,49,Female,66360,39.174161658820005,Gold,Home & Living,6,1000.0,0.8427095471862633,0,0.0
617,41,Male,52892,8.03245401535621,Bronze,Fashion,1,274.91425375941594,0.9704958522399982,0,0.0
618,40,Male,59783,21.868517053452834,Bronze,Health & Beauty,1,845.9686376724949,0.739496432494554,0,0.0
619,49,Female,68194,23.707211926729563,Gold,Electronics,3,1000.0,0.8196240562442594,0,0.0
620,54,Male,60096,47.44161389371029,Silver,Electronics,3,1000.0,0.6456562180623775,0,0.0
621,29,Male,53454,27.587654577910616,Gold,Fashion,2,954.2284574493765,0.8264964854514638,0,0.0
622,66,Female,58355,10.996832574958349,Silver,Grocery,1,415.2481343846904,0.94684661013356,0,0.0
623,30,Male,58674,17.581617820316662,Gold,Sports,1,667.5200272179025,0.9144944027866961,0,0.0
624,40,Female,54449,15.580280791657001,Bronze,Home & Living,1,548.9433149069995,0.9180227857569172,0,0.0
625,42,Male,56118,97.33460299331753,Silver,Health & Beauty,1,1000.0,0.33452066530847646,0,0.0
626,52,Female,83979,76.16995818492889,Gold,Home & Living,5,1000.0,0.5869213675917717,0,0.0
627,58,Male,68413,96.80838506168664,Silver,Home & Living,2,1000.0,0.22778486147387136,1,650.9159827135298
628,47,Male,55567,44.53430816428295,Bronze,Health & Beauty,1,1000.0,0.6081640257353123,0,0.0
629,34,Male,70454,28.558479684603004,Bronze,Health & Beauty,1,1000.0,0.6574572773267591,0,0.0
630,66,Male,54992,80.03102652370949,Bronze,Electronics,1,1000.0,0.24687299944057278,0,0.0
631,37,Male,77596,33.29913788607353,Bronze,Home & Living,1,1000.0,0.6642214201205043,0,0.0
632,65,Male,65544,30.638953996829482,Bronze,Sports,3,1000.0,0.6988280582843631,1,854.9950410383535
633,42,Female,58390,24.01809322857529,Silver,Sports,1,907.478066217374,0.7660716344036301,0,0.0
634,39,Male,66715,13.8382188441993,Silver,Fashion,1,597.3986654666193,0.8668686376851074,0,0.0
635,30,Female,36436,26.38984304065983,Bronze,Health & Beauty,1,622.2048322329964,0.8197866415566515,0,0.0
636,36,Female,43098,36.176655098914885,Silver,Electronics,4,1000.0,0.8039208386863425,0,0.0
637,66,Female,42091,67.7254266064273,Bronze,Sports,1,1000.0,0.4670961493154528,0,0.0
638,53,Male,62144,7.193919379725706,Bronze,Grocery,1,289.28202531144314,0.9357620518696573,0,0.0
639,29,Female,85987,21.840187026868954,Bronze,Electronics,1,1000.0,0.8169992732030917,0,0.0
640,58,Male,93469,81.09334038887596,Silver,Electronics,1,1000.0,0.49037718816255127,1,948.2280145260889
641,36,Male,69570,15.545270434793306,Bronze,Sports,1,699.8109373596369,0.7865595182400044,0,0.0
642,29,Other,67512,34.92186950572963,Bronze,Grocery,2,1000.0,0.7259845997836184,0,0.0
643,26,Male,32984,86.60123326395586,Bronze,Fashion,3,1000.0,0.28570613679418005,0,0.0
644,24,Female,51859,16.337605803200823,Gold,Sports,2,548.2462695097322,0.8738639546821146,0,0.0
645,45,Female,48183,9.1909467262008,Bronze,Grocery,1,286.55760456297173,0.9864134367443758,0,0.0
646,31,Female,50687,48.96926151292107,Silver,Electronics,3,1000.0,0.7601009734246317,0,0.0
647,48,Female,57477,30.939531616575103,Silver,Grocery,1,1000.0,0.8223156122095158,1,1335.3064608584502
648,69,Male,52918,56.777428083901555,Silver,Electronics,6,1000.0,0.6322832218456953,0,0.0
649,36,Male,30310,80.57668415786404,Gold,Sports,10,1000.0,0.5411277767542169,0,0.0
650,64,Female,71218,14.577700327121573,Bronze,Health & Beauty,1,671.7975790195853,0.9222608935079522,0,0.0
651,33,Male,43908,58.489209370874214,Bronze,Sports,5,1000.0,0.4223175830302764,0,0.0
652,22,Male,63588,51.04536727859653,Gold,Home & Living,2,1000.0,0.7632602037390356,1,815.7956445082511
653,52,Male,91111,15.263799815306758,Bronze,Home & Living,1,899.8917594466342,0.8861805570287905,0,0.0
654,29,Male,46209,62.775850067369255,Silver,Home & Living,1,1000.0,0.3957563989292887,1,1145.5114854786993
655,42,Male,22045,28.090401368216394,Silver,Sports,1,400.71651400185567,0.8236573595992729,0,0.0
656,69,Male,55709,49.29559753585723,Silver,Fashion,3,1000.0,0.7860045565729238,0,0.0
657,38,Female,76514,9.144960103429126,Gold,Sports,1,452.7730999914378,0.8496823783693308,0,0.0
658,53,Female,89375,46.498821664148686,Platinum,Health & Beauty,1,1000.0,0.8578089353068972,0,0.0
659,40,Female,41556,31.33988333623921,Silver,Grocery,3,842.7420618413456,0.6832650478095945,0,0.0
660,33,Male,67450,82.41573990735009,Bronze,Sports,4,1000.0,0.21355126889359038,1,660.1964132054428
661,56,Male,53020,6.64089397273946,Gold,Sports,1,227.8372532908729,0.8703066873952875,0,0.0
662,62,Male,58410,42.44212021691467,Bronze,Electronics,4,1000.0,0.6259980343976289,0,0.0
663,59,Female,99665,46.38471098901236,Bronze,Electronics,2,1000.0,0.6222178412618685,0,0.0
664,56,Female,37455,72.77560155361276,Gold,Electronics,1,1000.0,0.6566089238703908,0,0.0
665,31,Male,63806,57.854469933930886,Bronze,Sports,1,1000.0,0.4328006471217434,1,502.70121683416346
666,48,Female,67015,67.05402138222392,Bronze,Fashion,7,1000.0,0.36604406973018827,0,0.0
667,22,Male,76286,77.92787927952385,Bronze,Grocery,1,1000.0,0.3122627207885673,0,0.0
668,52,Female,61469,86.3580943921607,Gold,Grocery,6,1000.0,0.5232633285322505,0,0.0
669,40,Female,64620,32.07367417552458,Silver,Health & Beauty,2,1000.0,0.7090445253455459,0,0.0
670,46,Female,54125,54.264247831026395,Silver,Fashion,4,1000.0,0.6081939121777172,1,1210.42471638678
671,60,Female,64036,84.17069976548079,Bronze,Fashion,1,1000.0,0.1952282916470524,0,0.0
672,28,Female,54852,98.95566196554059,Silver,Grocery,7,1000.0,0.327888262103898,0,0.0
673,35,Male,69323,89.06241179333256,Silver,Home & Living,5,1000.0,0.441497987462518,0,0.0
674,64,Female,54455,37.7752589998133,Bronze,Electronics,4,1000.0,0.7899018391369684,0,0.0
675,29,Male,65656,20.32148520464639,Bronze,Electronics,1,863.3539253622479,0.8340099787651649,0,0.0
676,26,Female,59561,49.44986120325228,Bronze,Grocery,2,1000.0,0.5872498573117063,0,0.0
677,27,Female,76890,74.42250373176819,Platinum,Fashion,8,1000.0,0.7467666216399891,0,0.0
678,61,Female,59229,49.76433800457646,Silver,Health & Beauty,3,1000.0,0.6247807952568876,1,1115.6119519223591
679,34,Male,33404,48.83490546805318,Gold,Home & Living,6,1000.0,0.820028284986781,0,0.0
680,55,Female,78928,83.98481168709826,Bronze,Grocery,2,1000.0,0.23032030480877677,1,1450.5344745281668
681,24,Female,46414,36.77897412765145,Silver,Electronics,1,1000.0,0.7461945500367291,1,1480.4143602328068
682,63,Female,50193,86.11967280635292,Silver,Sports,9,1000.0,0.45831107386194636,1,1045.456695392492
683,30,Male,51065,41.27367529422063,Silver,Fashion,3,1000.0,0.6976529143461261,0,0.0
684,57,Male,80616,33.4950774621556,Platinum,Sports,3,1000.0,0.9745357894979406,0,0.0
685,59,Male,27964,45.9450012087702,Bronze,Health & Beauty,1,831.3941963478849,0.6151464559236385,0,0.0
686,26,Male,107066,76.48224890881198,Bronze,Grocery,2,1000.0,0.3344296683696029,1,539.40953529039
687,67,Female,75840,13.474200758535433,Silver,Electronics,1,661.2441967367042,0.8732711373368848,0,0.0
688,44,Male,63348,20.44550237132972,Silver,Home & Living,1,838.0894074575755,0.8823377831531972,0,0.0
689,19,Other,59176,95.1930377406461,Silver,Sports,8,1000.0,0.31219643842216493,0,0.0
690,22,Male,64283,18.37367111075438,Bronze,Home & Living,1,764.2753143962892,0.8581074028129959,0,0.0
691,46,Male,67816,57.205004475174405,Silver,Health & Beauty,2,1000.0,0.5944737153857578,1,804.7228060529786
692,54,Female,69678,58.35213219953185,Bronze,Electronics,2,1000.0,0.5231712887534193,0,0.0
693,55,Female,68334,49.47282174297423,Bronze,Sports,1,1000.0,0.5531560456733942,0,0.0
694,36,Female,61343,64.82977960910505,Silver,Health & Beauty,4,1000.0,0.6480844202480995,0,0.0
695,25,Female,57039,23.752845853964224,Silver,Home & Living,1,876.6984565331832,0.8199527301024641,0,0.0
696,65,Female,57730,55.71356450989807,Bronze,Home & Living,6,1000.0,0.47184918130974185,0,0.0
697,62,Male,57076,37.84515226944282,Bronze,Sports,3,1000.0,0.6766993189150773,0,0.0
698,18,Other,77006,66.50505870328972,Bronze,Electronics,7,1000.0,0.45534802446176614,0,0.0
699,39,Other,68903,14.981130793941796,Bronze,Home & Living,1,667.9448319596951,0.9186747470958875,0,0.0
700,69,Female,20000,57.51686426710815,Silver,Grocery,4,744.3562723565785,0.6057210223503678,1,1091.3006361688601
701,34,Male,69838,19.341765182949047,Gold,Health & Beauty,1,874.0710526835863,0.9202456321254939,0,0.0
702,24,Female,62921,28.585663248388602,Bronze,Sports,1,1000.0,0.7597559336331237,0,0.0
703,42,Male,59719,22.652270232034738,Silver,Fashion,1,875.3517360922809,0.7875404676943506,0,0.0
704,62,Male,54172,19.100940207012894,Gold,Fashion,3,669.5562371632751,0.9556989710532404,0,0.0
705,21,Male,76861,82.74538420450604,Gold,Electronics,1,1000.0,0.5233802573714365,0,0.0
706,53,Male,74212,29.285049198428144,Bronze,Grocery,3,1000.0,0.682634623424907,0,0.0
707,23,Female,48406,92.78525440458048,Platinum,Home & Living,8,1000.0,0.7243955910123318,0,0.0
708,48,Female,66105,97.0227260091739,Bronze,Fashion,10,1000.0,0.11080247921015779,0,0.0
709,36,Female,45425,57.554786523772634,Bronze,Electronics,6,1000.0,0.5218147912548188,0,0.0
710,61,Male,39305,15.157111143906913,Bronze,Health & Beauty,1,385.50314920160383,0.8859536333383469,0,0.0
711,56,Male,50599,38.080276094578544,Bronze,Grocery,3,1000.0,0.6641875845023277,0,0.0
712,44,Male,72935,79.9754940714732,Bronze,Grocery,4,1000.0,0.2239438535581387,1,725.6946743904302
713,27,Other,74296,37.37168214100998,Bronze,Electronics,3,1000.0,0.6649828659740803,0,0.0
714,43,Male,67696,9.614704611976086,Bronze,Electronics,1,421.16901640843395,0.9108420850361444,0,0.0
715,36,Female,70876,56.12170618189061,Gold,Home & Living,8,1000.0,0.7305008059356555,0,0.0
716,56,Female,67742,84.66696429810744,Gold,Electronics,9,1000.0,0.5551632782380809,1,1102.5258901252535
717,20,Male,50377,79.79671232720673,Bronze,Home & Living,6,1000.0,0.3079704659548166,0,0.0
718,62,Female,66478,18.33719087290497,Gold,Home & Living,2,788.8090455029256,0.8909859937501318,0,0.0
719,30,Female,72006,67.60369682683421,Gold,Sports,7,1000.0,0.6834371891222845,1,710.386554494124
720,67,Female,71314,22.829922080129062,Silver,Grocery,2,1000.0,0.8799929241433841,0,0.0
721,45,Female,77833,22.60254592066505,Bronze,Health & Beauty,1,1000.0,0.7698473117813958,0,0.0
722,37,Male,70624,87.53310555721333,Silver,Grocery,1,1000.0,0.34866033759043247,0,0.0
723,45,Male,65271,25.717226321282784,Gold,Grocery,2,1000.0,0.8952321762170531,0,0.0
724,25,Female,76052,27.06148730528311,Silver,Sports,1,1000.0,0.7445146048272968,0,0.0
725,58,Female,59602,1.064685685368656,Bronze,Home & Living,1,41.06191726272835,1.0,0,0.0
726,56,Male,46771,87.19623437842625,Silver,Home & Living,2,1000.0,0.39017449020686507,0,0.0
727,18,Female,57553,79.46688650770433,Silver,Electronics,6,1000.0,0.43799387435115156,0,0.0
728,20,Female,48826,63.10556457397712,Silver,Sports,1,1000.0,0.5855618438997214,1,598.0054148709418
729,30,Female,49872,75.27631062994539,Bronze,Electronics,3,1000.0,0.3467109303515963,1,1203.9420824219621
730,45,Male,57832,16.052808175024687,Bronze,Sports,1,600.7261468216294,0.8558506301737232,0,0.0
731,66,Female,48113,46.37403586416997,Gold,Electronics,8,1000.0,0.8120606412092458,0,0.0
732,42,Female,55380,35.77071934752931,Gold,Fashion,4,1000.0,0.7875269879948408,0,0.0
733,50,Male,31595,10.283876099444633,Bronze,Grocery,1,210.25269558422409,0.9430629397696795,0,0.0
734,55,Male,63199,49.12691803627748,Platinum,Grocery,8,1000.0,0.7986880723077138,0,0.0
735,23,Other,60018,92.1532253839209,Bronze,Health & Beauty,3,1000.0,0.19615342109796857,1,775.1277573760921
736,61,Male,47743,4.965852786018754,Silver,Home & Living,1,153.41410856548617,0.9488453656745209,0,0.0
737,62,Female,69888,29.854630435885593,Silver,Health & Beauty,3,1000.0,0.7254632838303413,0,0.0
738,49,Female,74063,21.54655268436464,Gold,Fashion,1,1000.0,0.9050993774353954,0,0.0
739,62,Male,35886,24.576518712903937,Gold,Health & Beauty,1,570.7006392350871,0.8753960817779438,0,0.0
740,64,Female,48559,90.93502063605816,Bronze,Grocery,7,1000.0,0.10444853880137024,0,0.0
741,38,Male,48462,47.33883636919472,Gold,Home & Living,1,1000.0,0.6576225410260399,0,0.0
742,33,Female,45901,47.16364188104206,Bronze,Fashion,3,1000.0,0.5679140313997467,0,0.0
743,38,Male,72442,76.29698860307295,Silver,Grocery,2,1000.0,0.5468323778135807,0,0.0
744,28,Female,57092,16.294728196487654,Silver,Electronics,1,601.9808250252697,0.901987653034882,0,0.0
745,54,Male,56032,49.23927005590503,Silver,Sports,3,1000.0,0.6219099477729425,0,0.0
746,53,Male,29942,43.56853619798491,Bronze,Fashion,1,844.1320049051307,0.6619766500025286,0,0.0
747,52,Other,69531,60.094158364118954,Gold,Home & Living,4,1000.0,0.7448903890731332,0,0.0
748,36,Male,41411,99.95621262179341,Bronze,Health & Beauty,7,1000.0,0.16397304030332857,0,0.0
749,37,Female,60898,77.17544051412266,Bronze,Health & Beauty,7,1000.0,0.33961592359003145,1,1371.7977710246628
750,35,Male,64160,40.38870459872529,Silver,Fashion,5,1000.0,0.7615741839644833,0,0.0
751,64,Female,80409,82.92775217513065,Bronze,Home & Living,5,1000.0,0.2902056569744523,1,706.4452324162004
752,58,Male,40367,17.90012796793554,Gold,Fashion,2,467.5690249379753,0.8866241127895009,0,0.0
753,66,Other,20000,4.015904944587052,Bronze,Home & Living,1,51.97195766460836,0.8819928185285368,1,44.30276466480972
754,31,Male,62757,21.24038887396303,Bronze,Health & Beauty,1,862.5522987310496,0.7827797303446802,0,0.0
755,32,Male,87007,34.70074405531171,Gold,Grocery,1,1000.0,0.8817431285735091,0,0.0
756,48,Male,78584,51.54749498849643,Silver,Electronics,4,1000.0,0.6201169932757965,0,0.0
757,18,Male,63144,61.89778491357878,Bronze,Grocery,2,1000.0,0.4356469832224232,0,0.0
758,20,Female,52625,91.14996600422775,Silver,Electronics,2,1000.0,0.30366099131308355,1,1452.9103135635096
759,33,Male,72106,51.47554694549531,Silver,Health & Beauty,5,1000.0,0.6121166927735717,0,0.0
760,40,Female,45396,50.626288817947206,Silver,Grocery,5,1000.0,0.6451615199351982,0,0.0
761,28,Male,67145,5.974057972475231,Bronze,Grocery,1,259.5620152400827,0.9708615871406606,0,0.0
762,29,Male,67582,4.456243712966157,Gold,Fashion,1,194.87492760220124,0.9547857330763859,0,0.0
763,27,Female,75903,55.56483622972083,Gold,Sports,4,1000.0,0.6957489475705109,0,0.0
764,49,Female,101394,44.379682711586106,Silver,Health & Beauty,3,1000.0,0.7314509992763407,0,0.0
765,33,Male,65886,84.07885910304957,Bronze,Home & Living,7,1000.0,0.2595535943944651,0,0.0
766,25,Male,52365,16.907278886472675,Gold,Health & Beauty,1,572.8949646329202,0.9378972288272441,0,0.0
767,55,Male,59616,3.4721945495879103,Silver,Home & Living,1,133.9446423446796,1.0,0,0.0
768,29,Female,33463,45.45483802508246,Silver,Home & Living,5,984.2645044553325,0.656562414403905,0,0.0
769,41,Female,49579,24.510377118473492,Bronze,Electronics,1,786.332211271556,0.7769556474096568,0,0.0
770,45,Male,53860,5.9118229605449075,Gold,Home & Living,1,206.03906978599858,0.9979988739184328,0,0.0
771,25,Female,52138,72.73523039791526,Silver,Home & Living,4,1000.0,0.44727801913169246,1,1226.8635660178063
772,45,Female,62285,12.0477069957675,Bronze,Fashion,1,485.56321024240566,0.9030231239506984,0,0.0
773,53,Female,47663,61.223630500769396,Bronze,Grocery,3,1000.0,0.45009715035603043,0,0.0
774,43,Female,76815,28.823925266522025,Gold,Health & Beauty,1,1000.0,0.994745344245846,0,0.0
775,25,Male,60003,18.17610898514718,Bronze,Health & Beauty,1,705.7165549848479,0.8414084942169291,0,0.0
776,67,Male,59860,38.59540076901243,Platinum,Home & Living,4,1000.0,0.9420607859711794,0,0.0
777,45,Male,55081,80.34313184607241,Silver,Sports,9,1000.0,0.47909523776983526,0,0.0
778,45,Male,62327,39.817264113552696,Silver,Health & Beauty,5,1000.0,0.6634510710480817,0,0.0
779,54,Female,72376,75.32619527189452,Bronze,Home & Living,6,1000.0,0.2446230506549143,1,1019.9981240369218
780,58,Female,46993,13.423143383115917,Bronze,Electronics,1,408.17226191745544,0.8915424398202714,0,0.0
781,53,Male,50128,77.50437054684284,Gold,Electronics,9,1000.0,0.6753448803731336,1,727.8431880765006
782,44,Male,55444,24.456399165758217,Bronze,Electronics,1,877.4120266182962,0.7942881484863348,0,0.0
783,34,Male,39811,68.06191985899841,Silver,Home & Living,8,1000.0,0.5275091511878699,0,0.0
784,26,Female,47711,57.01237392925864,Bronze,Fashion,5,1000.0,0.4726843019892097,0,0.0
785,50,Male,52856,92.98532700395705,Bronze,Sports,9,1000.0,0.09693399463456627,1,522.6044393592266
786,37,Female,73115,39.34492927955609,Bronze,Home & Living,2,1000.0,0.5978696006045445,0,0.0
787,30,Male,63938,7.550353694609604,Silver,Fashion,1,312.38117339483364,0.8660318396957478,0,0.0
788,45,Male,62903,2.8963930695740374,Platinum,Fashion,1,117.89363901052685,0.9361584908356153,0,0.0
789,65,Other,72763,82.85899753630255,Bronze,Health & Beauty,9,1000.0,0.22796861030180954,1,967.5438496937658
790,46,Other,57939,52.948828128481786,Bronze,Home & Living,1,1000.0,0.5622613479195132,0,0.0
791,30,Male,65856,77.74916113165997,Bronze,Home & Living,1,1000.0,0.2780041867752804,0,0.0
792,63,Female,58451,24.208134401139954,Silver,Fashion,1,915.6171714855501,0.8433243484695062,0,0.0
793,52,Female,63980,35.16329080581014,Bronze,Fashion,3,1000.0,0.6902918433065428,0,0.0
794,23,Female,51258,3.980283348920575,Gold,Fashion,1,132.01903576870802,1.0,0,0.0
795,35,Male,23417,96.1877401328371,Silver,Health & Beauty,6,1000.0,0.27494507249427735,0,0.0
796,68,Female,57985,67.11892276338052,Silver,Home & Living,9,1000.0,0.5831272264125137,0,0.0
797,22,Female,81341,93.38730368817131,Bronze,Fashion,10,1000.0,0.08915541755877844,1,1421.4336290244535
798,64,Female,73893,27.28414433547816,Platinum,Electronics,2,1000.0,0.8957569068742351,0,0.0
799,42,Male,74480,61.534897511340425,Bronze,Home & Living,2,1000.0,0.4451406520091073,1,778.7557994686291
800,19,Male,78541,68.17149686097115,Bronze,Health & Beauty,7,1000.0,0.424463770658747,0,0.0
801,27,Male,61329,32.43742032550126,Silver,Electronics,4,1000.0,0.8419035244990289,1,1417.8474228203522
802,47,Female,62959,84.96281426654738,Silver,Grocery,7,1000.0,0.4436618761405879,1,887.0673133912932
803,67,Male,50735,94.76898482712454,Bronze,Home & Living,7,1000.0,0.21787495442867205,0,0.0
804,62,Female,55258,88.60065665190443,Bronze,Grocery,3,1000.0,0.16113529365749488,0,0.0
805,22,Other,69236,74.16763061799789,Silver,Fashion,8,1000.0,0.5403451096775753,0,0.0
806,50,Male,78058,28.46900329277045,Bronze,Health & Beauty,2,1000.0,0.794711806860731,0,0.0
807,18,Female,57908,28.87998816845754,Gold,Fashion,2,1000.0,0.7357863063064292,0,0.0
808,35,Male,53247,96.37267172415775,Silver,Health & Beauty,1,1000.0,0.3143680857361819,1,1456.5708574521595
809,49,Female,60007,2.018165097633511,Bronze,Sports,1,78.36477949390625,1.0,0,0.0
810,64,Male,69018,71.8889473509723,Bronze,Fashion,5,1000.0,0.32722878056897736,1,1188.3738793859227
811,66,Female,38342,70.91837009297096,Bronze,Grocery,2,1000.0,0.30744341054844954,1,794.865628069697
812,28,Female,25557,62.64626455402995,Silver,Health & Beauty,5,1000.0,0.6671849090188842,1,1413.4129381640319
813,38,Female,51741,99.02077576259971,Silver,Fashion,10,1000.0,0.31240657721034737,0,0.0
814,43,Female,41689,31.876064140608797,Bronze,Home & Living,2,859.8943443776086,0.7200356944422239,0,0.0
815,42,Female,52377,34.65721451553157,Silver,Health & Beauty,3,1000.0,0.6919497926475258,1,1418.2581679413065
816,39,Female,57783,8.815000891709,Platinum,Health & Beauty,1,329.59477712015257,0.9429369475350611,0,0.0
817,44,Female,53201,44.83701551783001,Bronze,Fashion,5,1000.0,0.5515748288709348,1,1303.056217891179
818,66,Female,81787,26.84380409724996,Gold,Sports,1,1000.0,0.9197297410207154,0,0.0
819,30,Male,64901,34.99528351558678,Bronze,Fashion,1,1000.0,0.7102741294060216,0,0.0
820,50,Female,64507,83.62260723530714,Bronze,Grocery,2,1000.0,0.2188683502419092,1,1167.9244735960847
821,51,Female,69333,93.61296683922208,Bronze,Grocery,8,1000.0,0.18550831038031199,1,593.4679369044436
822,58,Female,42917,19.38757412851338,Bronze,Health & Beauty,1,538.4105678935861,0.8128358255563257,0,0.0
823,52,Male,75586,37.87838422379312,Bronze,Health & Beauty,4,1000.0,0.670819077884789,0,0.0
824,18,Female,58863,92.93442564942401,Bronze,Fashion,8,1000.0,0.1750783635144692,1,916.3494987964317
825,38,Male,70057,7.11903760823304,Gold,Grocery,1,322.7228945004995,0.9854181724828147,0,0.0
826,65,Female,43922,10.143692283026473,Gold,Grocery,1,288.293750844655,0.964264134754705,0,0.0
827,23,Male,36693,17.116307931416706,Silver,Sports,1,406.4024226820013,0.9012383270383285,0,0.0
828,45,Female,72268,59.9260705785606,Bronze,Home & Living,6,1000.0,0.5234557803172333,0,0.0
829,34,Other,65646,15.89675482959375,Bronze,Sports,1,675.2636093450454,0.8889573441873324,0,0.0
830,22,Male,46469,96.83956176362261,Bronze,Electronics,7,1000.0,0.11159885599109848,0,0.0
831,48,Other,46955,45.22473819859351,Silver,Sports,4,1000.0,0.6785291953105866,0,0.0
832,22,Male,76881,50.650278074666474,Gold,Fashion,6,1000.0,0.8082571390265209,0,0.0
833,55,Female,42158,25.41920296473524,Bronze,Home & Living,1,693.4354625360318,0.7768482960647936,0,0.0
834,20,Female,84640,47.62506499103861,Bronze,Fashion,2,1000.0,0.5526734942127974,0,0.0
835,40,Female,46490,66.52944963106414,Silver,Electronics,5,1000.0,0.5027369354760493,1,1402.1222382453877
836,54,Female,69575,75.36653655845024,Bronze,Home & Living,7,1000.0,0.33535307638226025,1,1417.4562218910137
837,54,Female,55070,75.63294018828138,Bronze,Health & Beauty,4,1000.0,0.27656069817818874,0,0.0
838,27,Male,69047,58.211220156714745,Silver,Grocery,7,1000.0,0.6567612300947121,0,0.0
839,27,Male,51838,90.53161772439186,Silver,Sports,6,1000.0,0.314387758241403,0,0.0
840,36,Female,57558,81.92337688330483,Bronze,Fashion,5,1000.0,0.33659299432622763,1,1370.395908225702
841,34,Female,60613,75.94776335516391,Bronze,Electronics,7,1000.0,0.3022086140099023,0,0.0
842,38,Female,44967,6.504946646365601,Platinum,Grocery,1,189.27581555639355,0.9266482923795205,0,0.0
843,31,Female,71112,1.680918259745282,Bronze,Sports,1,77.34769465104404,0.9943305225905613,0,0.0
844,26,Male,52301,22.032280442351823,Bronze,Grocery,1,745.644318880972,0.754057518108119,0,0.0
845,63,Female,56571,66.68883579743178,Bronze,Sports,4,1000.0,0.40151906587462705,0,0.0
846,18,Male,45084,41.708551399372034,Bronze,Health & Beauty,1,1000.0,0.595745860825685,0,0.0
847,68,Female,21564,40.83821967063186,Bronze,Home & Living,2,569.8647854795321,0.6797096863577679,0,0.0
848,62,Male,57134,88.57410193473176,Gold,Grocery,5,1000.0,0.5639669708232229,0,0.0
849,30,Male,96189,89.66072196505203,Bronze,Grocery,8,1000.0,0.13362846071080492,1,1015.0843761717852
850,21,Male,71769,91.00835114130498,Bronze,Grocery,2,1000.0,0.15107301270695486,1,1185.7072292860757
851,18,Male,59711,32.0739295749877,Silver,Home & Living,1,1000.0,0.8107298554547425,0,0.0
852,66,Female,56056,69.41452546118691,Silver,Electronics,2,1000.0,0.5784529269612154,0,0.0
853,57,Male,60336,27.891684946162595,Gold,Sports,1,1000.0,0.8582778348958029,0,0.0
854,49,Male,68206,19.870373474370528,Gold,Health & Beauty,1,876.9791652647095,0.8484283045347022,0,0.0
855,51,Male,42287,19.278613277389553,Bronze,Grocery,2,527.5293397739094,0.8791942960460384,0,0.0
856,45,Male,76714,34.86865446549581,Silver,Home & Living,3,1000.0,0.7909476024861981,0,0.0
857,48,Male,70730,43.56580435820235,Bronze,Electronics,3,1000.0,0.6732347399913063,0,0.0
858,25,Male,70772,83.26396793445177,Platinum,Sports,16,1000.0,0.7647185521177101,1,825.707335086999
859,56,Female,66577,12.869218253798497,Bronze,Home & Living,1,554.4123952110344,0.8581471899259688,1,677.2970955246782
860,43,Female,60294,73.75765889209453,Platinum,Health & Beauty,15,1000.0,0.8045714475934954,1,574.6616446452241
861,51,Female,70092,53.61403650474123,Silver,Health & Beauty,1,1000.0,0.6410182056388906,1,1414.4403697540472
862,20,Male,68877,29.506588924923257,Bronze,Sports,1,1000.0,0.705697015083389,0,0.0
863,67,Male,54689,49.78913886874963,Silver,Grocery,4,1000.0,0.6614079571111229,0,0.0
864,29,Female,51395,30.69426490792524,Platinum,Health & Beauty,1,1000.0,0.898165910835122,0,0.0
865,18,Female,61527,60.01211356859229,Gold,Electronics,8,1000.0,0.7371163244062224,0,0.0
866,61,Male,83235,43.950548362669174,Bronze,Home & Living,2,1000.0,0.6290454102517491,0,0.0
867,22,Male,41413,17.276147378808993,Silver,Electronics,1,462.95990343247485,0.8264873986842776,0,0.0
868,47,Male,37987,12.541724381013974,Bronze,Grocery,1,308.2827954431925,0.8295033516028247,0,0.0
869,47,Male,62471,55.122872525140885,Bronze,Electronics,1,1000.0,0.49940358859505424,0,0.0
870,34,Male,60763,90.33889029532425,Bronze,Electronics,8,1000.0,0.18859095161104758,0,0.0
871,65,Female,62600,35.05181096921087,Bronze,Fashion,1,1000.0,0.7225825399816935,0,0.0
872,64,Female,63659,73.56701061503969,Gold,Electronics,7,1000.0,0.657830142452896,0,0.0
873,40,Female,56651,66.20747413903693,Bronze,Sports,1,1000.0,0.4770670149093047,0,0.0
874,32,Female,82347,93.22393651663862,Gold,Home & Living,10,1000.0,0.5105206442030354,0,0.0
875,54,Female,35986,82.27712071261494,Bronze,Fashion,6,1000.0,0.23329161011510513,1,1022.9815151058326
876,38,Female,47572,57.093920631640835,Bronze,Home & Living,2,1000.0,0.4381640140329803,1,614.5061964689814
877,31,Female,58451,66.04601932517663,Bronze,Home & Living,7,1000.0,0.44305618181216433,0,0.0
878,19,Male,35352,89.94026019181945,Bronze,Grocery,9,1000.0,0.19162526747442304,1,706.7605240697617
879,28,Male,57362,40.55235967410655,Bronze,Grocery,3,1000.0,0.5423485870849588,0,0.0
880,68,Male,84922,33.35267587991996,Bronze,Fashion,2,1000.0,0.709934185966115,0,0.0
881,56,Female,60313,2.0702972798844375,Silver,Health & Beauty,1,80.798154125779,0.9988064274316625,0,0.0
882,55,Female,63460,82.82855634495496,Bronze,Grocery,6,1000.0,0.24732564575801308,0,0.0
883,51,Male,41097,80.29708933993312,Bronze,Grocery,2,1000.0,0.2921589385885227,0,0.0
884,55,Female,50754,11.340997291914986,Bronze,Grocery,1,372.46213739466106,0.8369192394114792,0,0.0
885,67,Male,54372,58.10888073213732,Gold,Home & Living,10,1000.0,0.7915071880443147,0,0.0
886,51,Female,55234,46.93418811852185,Gold,Fashion,5,1000.0,0.7843420307111868,0,0.0
887,35,Male,79224,12.752200455402035,Bronze,Home & Living,1,653.7341220465086,0.7965452517474505,0,0.0
888,47,Male,68365,98.07625447901164,Bronze,Sports,4,1000.0,0.11701885472238975,1,640.9039436879835
889,32,Female,43328,22.25489285887219,Bronze,Home & Living,1,623.9519060254307,0.820041974252756,0,0.0
890,44,Male,63697,7.6561838289655535,Platinum,Sports,1,315.56649375174305,0.9213848447669508,0,0.0
891,68,Male,67473,59.88989057068905,Bronze,Electronics,1,1000.0,0.4876724988144704,1,921.7549802841961
892,51,Male,77102,74.14780103617024,Bronze,Electronics,1,1000.0,0.41671607182490117,1,646.8016317539964
893,69,Female,83708,4.211901158671509,Bronze,Sports,1,228.13996185105287,0.9298744365444799,0,0.0
894,55,Female,44773,66.21304623397519,Bronze,Sports,5,1000.0,0.42550451868772043,0,0.0
895,50,Male,47837,53.69689571919399,Bronze,Home & Living,1,1000.0,0.527157868476864,0,0.0
896,41,Female,41136,11.223235878629794,Silver,Sports,1,298.7440827348479,0.9698518488402106,0,0.0
897,32,Female,56489,18.079863817689844,Bronze,Fashion,1,660.876174498782,0.8318391304095842,0,0.0
898,47,Male,66995,57.22945543429197,Silver,Electronics,5,1000.0,0.5460579806418627,1,1293.0103076255994
899,59,Male,74810,30.339403737815548,Bronze,Electronics,3,1000.0,0.7721544787083955,0,0.0
900,68,Male,58860,93.89325713648029,Bronze,Health & Beauty,8,1000.0,0.10459765623567013,1,1018.6386906660125
901,34,Male,55202,82.05528271892103,Gold,Sports,13,1000.0,0.6801666553000422,0,0.0
902,22,Female,62276,98.37315344485263,Bronze,Grocery,11,1000.0,0.14268008644708466,0,0.0
903,46,Male,47472,26.707413056090985,Gold,Grocery,2,820.4135853296239,0.8365182978887767,0,0.0
904,21,Female,91343,97.00263964699973,Silver,Sports,10,1000.0,0.3764141030963149,0,0.0
905,27,Female,35885,43.69215310936423,Bronze,Fashion,4,1000.0,0.6063111703141776,0,0.0
906,34,Male,62771,35.404360736061705,Platinum,Grocery,3,1000.0,0.8827166397421137,0,0.0
907,27,Female,90354,5.984603169965971,Bronze,Health & Beauty,1,349.8958939828793,0.9120951026654179,0,0.0
908,34,Male,60101,6.22376052810066,Gold,Sports,1,242.0457363762289,0.8749722473829049,0,0.0
909,37,Other,57149,69.50911433871882,Bronze,Fashion,6,1000.0,0.404637599469872,0,0.0
910,41,Female,54638,46.33497044896876,Gold,Fashion,2,1000.0,0.6869188096642759,0,0.0
911,22,Female,57294,23.425640977574464,Bronze,Home & Living,1,868.4748138327025,0.7495045146092609,0,0.0
912,51,Female,80592,61.78306032619803,Silver,Fashion,7,1000.0,0.5891608054091277,1,1338.7045245338595
913,23,Male,26822,26.032953706761006,Silver,Grocery,2,451.82620440749105,0.7927355039778972,0,0.0
914,19,Female,83001,58.18554368009784,Gold,Grocery,7,1000.0,0.7169298751390581,0,0.0
915,30,Female,38640,36.561665951286344,Gold,Sports,5,914.1679128468045,0.7565069045460857,0,0.0
916,60,Female,56000,82.53167043457009,Gold,Sports,9,1000.0,0.5699186791702545,0,0.0
917,60,Female,53561,82.24891991591116,Gold,Fashion,8,1000.0,0.5969246856683537,0,0.0
918,65,Female,68828,48.25768941411773,Bronze,Health & Beauty,4,1000.0,0.5181071694761543,0,0.0
919,28,Male,36028,35.73109182416654,Bronze,Electronics,3,832.9975437051182,0.7627383474695971,0,0.0
920,68,Male,66932,36.89341985935036,Bronze,Home & Living,2,1000.0,0.6360880256218103,0,0.0
921,64,Female,90364,80.76573804115357,Bronze,Electronics,4,1000.0,0.3420291970304131,1,1017.6786682309573
922,40,Male,39552,33.48976879696359,Bronze,Fashion,1,857.117842151688,0.6902018035900044,0,0.0
923,33,Female,62845,21.696877996977754,Silver,Fashion,3,882.3232589069679,0.769698075717088,0,0.0
924,48,Female,50070,9.384145845655375,Bronze,Electronics,1,304.0397135788192,0.8586976469593189,0,0.0
925,28,Male,66388,47.20261896755643,Silver,Home & Living,2,1000.0,0.6783856316736739,0,0.0
926,33,Male,60287,48.731077793064344,Bronze,Electronics,3,1000.0,0.6130590874903421,0,0.0
927,25,Female,50377,84.24996232988781,Bronze,Sports,8,1000.0,0.3302391956622779,0,0.0
928,21,Male,67318,22.902630948160333,Silver,Grocery,1,997.6375314218568,0.8460925197925424,0,0.0
929,57,Female,87065,38.718136093171594,Silver,Health & Beauty,1,1000.0,0.6701108599730699,0,0.0
930,21,Male,57136,81.0321681504754,Silver,Sports,1,1000.0,0.44669907697390954,0,0.0
931,42,Female,70796,82.53873746414838,Silver,Grocery,8,1000.0,0.3809681040829537,0,0.0
932,20,Male,40600,39.07649652189805,Bronze,Health & Beauty,1,1000.0,0.6679211123626452,0,0.0
933,49,Female,45653,46.45327830538141,Silver,Health & Beauty,2,1000.0,0.6277533242420525,0,0.0
934,20,Male,67086,31.025303194079008,Bronze,Health & Beauty,1,1000.0,0.6162937593947982,0,0.0
935,44,Female,82261,93.32293296351189,Bronze,Fashion,10,1000.0,0.225936386309388,1,579.6558409308869
936,46,Male,65334,12.74573280841645,Bronze,Health & Beauty,1,538.8415105558222,0.8739675681569888,0,0.0
937,49,Female,55304,93.44119287714553,Bronze,Home & Living,2,1000.0,0.16151228079651928,1,1140.0303883516804
938,67,Female,59989,68.70277873169898,Bronze,Electronics,4,1000.0,0.43151006012668514,1,1439.2602289115239
939,68,Male,41243,53.625643115986385,Platinum,Home & Living,12,1000.0,0.9330654061186135,0,0.0
940,36,Male,69067,4.233247017665091,Platinum,Electronics,1,189.19273206542115,1.0,0,0.0
941,38,Male,73234,48.08402299037882,Bronze,Sports,5,1000.0,0.5723938738967711,0,0.0
942,22,Female,53218,41.367062395270494,Bronze,Sports,4,1000.0,0.6508400822482276,0,0.0
943,35,Female,52949,16.960662385537134,Bronze,Electronics,1,581.1111975124061,0.8326148863658339,0,0.0
944,45,Female,63988,65.98455074656503,Bronze,Home & Living,5,1000.0,0.4079447622053967,0,0.0
945,59,Male,53449,97.1439398294603,Gold,Electronics,6,1000.0,0.5215234827456579,0,0.0
946,39,Male,59008,56.656692295387984,Bronze,Health & Beauty,4,1000.0,0.4507585065013514,0,0.0
947,38,Female,91495,71.76057436795064,Silver,Fashion,3,1000.0,0.49873465876823947,0,0.0
948,23,Female,56294,7.776594804035661,Bronze,Sports,1,283.2774314688503,0.9483657393888756,0,0.0
949,18,Other,54624,42.349032585882476,Platinum,Fashion,9,1000.0,0.8988037471211301,0,0.0
950,22,Male,50286,12.519490031285091,Bronze,Health & Beauty,1,407.3773927329835,0.9091907788399,0,0.0
951,58,Female,71162,61.66678771811453,Silver,Health & Beauty,7,1000.0,0.5013812250694797,0,0.0
952,29,Male,57281,93.90973366320131,Bronze,Sports,1,1000.0,0.21627534416117106,1,1181.3131853478842
953,43,Male,50259,66.51599551469221,Silver,Sports,1,1000.0,0.5917020927698453,0,0.0
954,63,Female,79819,8.603501783127731,Bronze,Health & Beauty,1,444.36540521618184,0.917761063540911,0,0.0
955,51,Female,81294,36.1119542935232,Bronze,Grocery,2,1000.0,0.6977678461135629,0,0.0
956,66,Other,50993,55.5156745646443,Gold,Fashion,7,1000.0,0.7115939388213531,0,0.0
957,31,Male,32001,40.91756785719197,Gold,Fashion,2,847.307870920315,0.8330100438546135,0,0.0
958,43,Male,75112,83.53075703704206,Gold,Grocery,8,1000.0,0.5416326225081212,0,0.0
959,62,Female,49730,81.65242946628894,Silver,Home & Living,8,1000.0,0.4955560235005238,1,1405.9891506492022
960,44,Female,71859,61.57127099021892,Gold,Fashion,7,1000.0,0.7272540256398032,0,0.0
961,26,Male,30448,37.97233656813782,Bronze,Electronics,2,748.1489368862952,0.6945206604652041,0,0.0
962,43,Male,73388,26.27830100256117,Bronze,Health & Beauty,3,1000.0,0.7582426471556586,0,0.0
963,64,Male,41832,11.481557503099802,Bronze,Health & Beauty,1,310.7917351621068,0.8260350572254671,0,0.0
964,39,Female,70961,36.13487066516885,Silver,Grocery,4,1000.0,0.7912526403498565,0,0.0
965,64,Male,60214,41.90407920356423,Bronze,Fashion,3,1000.0,0.5538852204227943,0,0.0
966,47,Male,45690,67.90646958530328,Bronze,Home & Living,6,1000.0,0.43364040674349763,0,0.0
967,60,Male,53894,66.15782260545977,Silver,Fashion,1,1000.0,0.49828888092017043,0,0.0
968,65,Male,70294,7.940705824484438,Gold,Health & Beauty,1,361.19174797422727,0.8809440381760476,0,0.0
969,34,Male,61588,40.13067222768462,Bronze,Sports,4,1000.0,0.6388739351365149,1,1262.9988977119422
970,43,Female,68766,18.99610785451883,Bronze,Electronics,1,845.2696488820384,0.8881750568362508,0,0.0
971,53,Male,89646,16.524457826363765,Bronze,Grocery,1,958.55434488618,0.8029996921417918,0,0.0
972,18,Female,36536,82.90291282398735,Bronze,Sports,3,1000.0,0.3338255158038551,1,988.0970158728272
973,25,Male,84258,5.149606454909495,Bronze,Home & Living,1,280.76425444173606,0.9864905690973482,0,0.0
974,66,Female,61565,42.499104714310015,Silver,Sports,5,1000.0,0.7103442431181237,0,0.0
975,52,Female,46518,17.652161920885302,Silver,Sports,2,531.3452793005067,0.8546536537418472,0,0.0
976,69,Female,40045,88.05369135216893,Silver,Home & Living,6,1000.0,0.365329292945077,1,827.4405629540666
977,32,Female,57163,56.14701081422848,Bronze,Sports,1,1000.0,0.5161852641094882,0,0.0
978,64,Male,73824,23.906683001307954,Gold,Grocery,3,1000.0,0.9227686279194133,0,0.0
979,39,Male,58086,50.740301429471266,Bronze,Health & Beauty,3,1000.0,0.5136624762521542,0,0.0
980,31,Female,82667,73.41714961060846,Bronze,Fashion,8,1000.0,0.29891998714028545,1,1471.4842150423106
981,43,Other,38232,95.85368288302395,Gold,Sports,10,1000.0,0.5100402446637868,0,0.0
982,45,Female,59818,22.824154420296473,Bronze,Grocery,1,883.4603740223969,0.864264044010199,0,0.0
983,40,Female,41214,88.73199544080516,Bronze,Fashion,5,1000.0,0.1405676240159301,1,929.1905819600345
984,31,Female,65454,93.49610730258154,Gold,Fashion,16,1000.0,0.5896433457242309,0,0.0
985,41,Male,73303,91.72563390867455,Bronze,Sports,7,1000.0,0.1765832864015856,1,756.4875232071543
986,19,Male,53688,63.90602132932907,Silver,Grocery,6,1000.0,0.4700208935367657,0,0.0
987,62,Female,20936,63.352244789036064,Bronze,Health & Beauty,2,858.2776539021228,0.40674817682039127,0,0.0
988,43,Female,62984,40.917852685198454,Silver,Sports,4,1000.0,0.7440584348506245,0,0.0
989,31,Male,66551,75.487390348075,Bronze,Home & Living,6,1000.0,0.410704184119363,1,1161.382077844989
990,68,Female,66064,53.598107816742264,Bronze,Fashion,2,1000.0,0.45124839348024115,0,0.0
991,24,Male,78536,68.06636905160116,Silver,Sports,5,1000.0,0.38257659283602896,0,0.0
992,20,Female,43934,43.41733248103075,Bronze,Fashion,1,1000.0,0.5437663668978264,0,0.0
993,64,Male,70203,73.41814994027077,Bronze,Grocery,2,1000.0,0.3957574259308884,0,0.0
994,40,Male,77887,82.62268024285035,Bronze,Electronics,1,1000.0,0.1667087924609258,1,1264.8861601652964
995,63,Female,33321,15.497189403678796,Bronze,Sports,1,334.14044805323397,0.9353879899108601,0,0.0
996,60,Male,64794,83.46004184184858,Bronze,Health & Beauty,5,1000.0,0.3096000708114588,1,1001.7128166884919
997,64,Female,52437,54.48935664724041,Bronze,Sports,1,1000.0,0.5191476022779742,0,0.0
998,62,Female,58777,84.6219249999322,Gold,Fashion,5,1000.0,0.5455721094829875,0,0.0
999,35,Female,65215,43.698868927760444,Bronze,Grocery,4,1000.0,0.6094732109410131,0,0.0
1000,55,Male,52691,38.52500805292047,Bronze,Home & Living,2,1000.0,0.6838292951307209,0,0.0
